School ID,Name of School,"Elementary, Middle, or High School",Street Address,Phone Number,Link ,Network Manager,Adequate Yearly Progress Made? ,Track Schedule,CPS Performance Policy Status,CPS Performance Policy Level,Healthy Schools Certified?,Safety Icon ,Safety Score,Family Involvement Icon,Family Involvement Score,Environment Icon ,Environment Score,Instruction Icon ,Instruction Score,Leaders Icon ,Leaders Score ,Teachers Icon ,Teachers Score,Parent Engagement Icon ,Parent Engagement Score,Parent Environment Icon,Parent Environment Score,Average Student Attendance,Rate of Misconducts (per 100 students) ,Average Teacher Attendance,Individualized Education Program Compliance Rate ,Pk-2 Literacy %,Pk-2 Math %,Gr3-5 Grade Level Math %,Gr3-5 Grade Level Read % ,Gr3-5 Keep Pace Read %,Gr3-5 Keep Pace Math %,Gr6-8 Grade Level Math %,Gr6-8 Grade Level Read %,Gr6-8 Keep Pace Math%,Gr6-8 Keep Pace Read %,Gr-8 Explore Math %,Gr-8 Explore Read %,ISAT Exceeding Math %,ISAT Exceeding Reading % ,ISAT Value Add Math,ISAT Value Add Read,ISAT Value Add Color Math,ISAT Value Add Color Read,Students Taking  Algebra %,Students Passing  Algebra %,9th Grade EXPLORE (2009) ,9th Grade EXPLORE (2010) ,10th Grade PLAN (2009) ,10th Grade PLAN (2010) ,Net Change EXPLORE and PLAN,11th Grade Average ACT (2011) ,Net Change PLAN and ACT,College Eligibility %,Graduation Rate %,College Enrollment Rate %,College Enrollment (number of students) ,General Services Route ,Freshman on Track Rate %,X_COORDINATE,Y_COORDINATE
610539,Marvin Camras Elementary School,ES,3000 N Mango Ave ,(773) 534-2960,http://schoolreports.cps.edu/SchoolProgressReport_Eng/Spring2011Eng_610539.pdf,Fullerton Elementary Network,No,Standard,Not on Probation,Not Enough Data,No,Average,54,Average,58,Weak,37,Average,41,Very Strong,83,Very Strong,88,Average,51,Strong,55,95.1,4.3,0,97.7,47.5,39.9,30.8,27.8,47.8,38.6,41.1,38.5,49.2,55.4,15.3,30.5,11.2,12,-1.8,-0.3,Red,Yellow,NDA,NDA,NDA,NDA,NDA,NDA,NDA,NDA,NDA,NDA,NDA,NDA,826,30,NDA,1137482.296,1919394.9
609852,Eliza Chappell Elementary School,ES,2135 W Foster Ave ,(773) 534-2390,http://schoolreports.cps.edu/SchoolProgressReport_Eng/Spring2011Eng_609852.pdf,Ravenswood-Ridge Elementary Network,Yes,Standard,Not on Probation,Level 1,No,Strong,70,Strong,65,Average,53,Average,51,Average,56,Average,48,Average,50,Average,52,95.1,2.9,96.7,98.9,72.6,57,56,54.4,55.2,69,53.2,63.9,60,59.8,12.8,41,19.6,17.6,0.4,1,Yellow,Green,27.5,63.6,NDA,NDA,NDA,NDA,NDA,NDA,NDA,NDA,NDA,NDA,451,31,NDA,1161016.902,1934466.545
609818,Luther Burbank Elementary School,ES,2035 N Mobile Ave ,(773) 534-3000,http://schoolreports.cps.edu/SchoolProgressReport_Eng/Spring2011Eng_609818.pdf,Fullerton Elementary Network,No,Standard,Not on Probation,Level 2,No,Weak,37,NDA,NDA,Average,42,Weak,34,NDA,NDA,NDA,NDA,Average,47,Average,49,95.2,9.8,95.5,100,60.8,45.2,42.8,34.9,61.2,63.8,41,34.4,55,54.5,13.1,17.2,20.6,11.3,-0.2,0.2,Yellow,Yellow,NDA,NDA,NDA,NDA,NDA,NDA,NDA,NDA,NDA,NDA,NDA,NDA,1139,29,NDA,1134122.521,1913042.046
609680,Walter Payton College Preparatory High School,HS,1034 N Wells St ,(773) 534-0034,http://schoolreports.cps.edu/SchoolProgressReport_Eng/Spring2011Eng_609680.pdf,North-Northwest Side High School Network,Yes,Standard,Not on Probation,Level 1,No,Very Strong,98,NDA,NDA,Very Strong,80,Strong,77,NDA,NDA,NDA,NDA,NDA,NDA,NDA,NDA,93.4,0.7,96.1,100,NDA,NDA,NDA,NDA,NDA,NDA,NDA,NDA,NDA,NDA,NDA,NDA,,,,,NDA,NDA,NDA,NDA,21.2,21.8,23.1,23.2,2,27,3.9,96.4,96.9,82.4,881,33,90.7,1174484.638,1907490.082
610038,Abraham Lincoln Elementary School,ES,615 W Kemper Pl ,(773) 534-5720,http://schoolreports.cps.edu/SchoolProgressReport_Eng/Spring2011Eng_610038.pdf,Fullerton Elementary Network,No,Standard,Not on Probation,Level 1,Yes,Very Strong,99,Very Strong,99,Strong,74,Strong,66,Strong,65,Strong,70,Strong,56,Average,47,96,2,96.4,95.8,80.1,43.3,89.6,84.9,60.7,62.6,81.9,85.2,52,62.4,66.3,77.9,69.7,64.4,0.2,0.9,Yellow,Green,67.1,54.5,NDA,NDA,NDA,NDA,NDA,NDA,NDA,NDA,NDA,NDA,813,33,NDA,1171699.458,1915829.428
609749,Northside College Preparatory High School,HS,5501 N Kedzie Ave ,(773) 534-3954,http://schoolreports.cps.edu/SchoolProgressReport_Eng/Spring2011Eng_609749.pdf,North-Northwest Side High School Network,Yes,Standard,Not on Probation,Level 1,No,Very Strong,99,NDA,NDA,Very Strong,99,Very Strong,88,NDA,NDA,NDA,NDA,Strong,57,Strong,62,95.7,2.8,96.8,98.4,NDA,NDA,NDA,NDA,NDA,NDA,NDA,NDA,NDA,NDA,NDA,NDA,,,,,NDA,NDA,NDA,NDA,22.4,22.2,24.5,24.7,2.3,28.8,4.3,98,97.6,90.7,1053,31,95.9,1154090.859,1936413.866
610212,Albany Park Multicultural Academy,MS,4929 N Sawyer Ave ,(773) 534-5108,http://schoolreports.cps.edu/SchoolProgressReport_Eng/Spring2011Eng_610212.pdf,O'Hare Elementary Network,Yes,Standard,Not on Probation,Level 1,No,Strong,66,Weak,37,Strong,66,Strong,71,Average,43,Average,50,Weak,46,Average,51,97,2.3,96.9,100,NDA,NDA,NDA,NDA,NDA,NDA,60.7,39.8,53.7,59.8,17.5,20.8,34.5,15.6,0.2,0.3,Yellow,Yellow,29.2,50,NDA,NDA,NDA,NDA,NDA,NDA,NDA,NDA,NDA,NDA,266,31,NDA,1153858.196,1932691.891
610523,Edison Park Elementary School,ES,6220 N Olcott Ave ,(773) 534-0960,http://schoolreports.cps.edu/SchoolProgressReport_Eng/Spring2011Eng_610523.pdf,O'Hare Elementary Network,Yes,Standard,Not on Probation,Level 1,No,Very Strong,95,NDA,NDA,Average,52,Average,49,NDA,NDA,NDA,NDA,Strong,56,Weak,46,96.1,6.9,96.6,98.6,78.1,NDA,64.2,62.6,54.7,49.1,59.4,61.4,38.8,48.5,40,55,27.7,32.6,-0.6,-0.4,Yellow,Yellow,NDA,NDA,NDA,NDA,NDA,NDA,NDA,NDA,NDA,NDA,NDA,NDA,431,30,NDA,1125476.537,1940915.071
610394,Uplift Community High School,HS,900 W Wilson Ave ,(773) 534-2875,http://schoolreports.cps.edu/SchoolProgressReport_Eng/Spring2011Eng_610394.pdf,North-Northwest Side High School Network,No,Standard,Not on Probation,Level 2,No,Average,50,Average,50,Strong,61,Strong,62,Average,48,Average,53,NDA,NDA,NDA,NDA,88.7,8.1,95.9,98.3,NDA,NDA,NDA,NDA,NDA,NDA,51.2,34.9,70,29.3,14.8,14.8,23.3,2.3,0.8,-0.2,Yellow,Yellow,NDA,NDA,13.6,13.9,14.9,14.7,1.1,16.9,2,19.6,62.4,65,473,32,91.4,1169403.401,1930780.685
609799,Alexander Graham Bell Elementary School,ES,3730 N Oakley Ave ,(773) 534-5150,http://schoolreports.cps.edu/SchoolProgressReport_Eng/Spring2011Eng_609799.pdf,Ravenswood-Ridge Elementary Network,No,Standard,Not on Probation,Level 1,No,Very Strong,99,Very Strong,88,Strong,64,Average,46,Average,51,Average,51,NDA,NDA,NDA,NDA,96.3,6.3,95.9,99.3,91.9,67.3,79.2,77.4,53.3,54.7,84.2,83,49.8,53.6,62.6,71.7,64,57.9,0,0.3,Yellow,Yellow,58.1,65.6,NDA,NDA,NDA,NDA,NDA,NDA,NDA,NDA,NDA,NDA,998,35,NDA,1160327.881,1924862.722
609853,Salmon P Chase Elementary School,ES,2021 N Point St ,(773) 534-4185,http://schoolreports.cps.edu/SchoolProgressReport_Eng/Spring2011Eng_609853.pdf,Fullerton Elementary Network,No,Track_E,Not on Probation,Level 2,No,Average,55,Weak,28,Average,59,Weak,39,Weak,25,Weak,27,NDA,NDA,NDA,NDA,95.4,18.5,95.8,98.6,63,26.7,40.6,25,57.3,72.1,47.1,36.8,70.2,56.8,23.1,23.1,17.1,11,-0.6,0.1,Yellow,Yellow,NDA,NDA,NDA,NDA,NDA,NDA,NDA,NDA,NDA,NDA,NDA,NDA,504,35,NDA,1158104.87,1913362.162
609773,Louis A Agassiz Elementary School,ES,2851 N Seminary Ave ,(773) 534-5725,http://schoolreports.cps.edu/SchoolProgressReport_Eng/Spring2011Eng_609773.pdf,Ravenswood-Ridge Elementary Network,No,Standard,Not on Probation,Level 1,No,Average,53,NDA,NDA,Weak,23,Weak,21,NDA,NDA,NDA,NDA,Strong,56,Average,47,95.2,32.6,96.8,98.1,68.5,39,44.1,49.5,44.9,49.5,43.6,50,43.6,43.6,30,53.3,27.5,27.5,0.2,-0.9,Yellow,Yellow,NDA,NDA,NDA,NDA,NDA,NDA,NDA,NDA,NDA,NDA,NDA,NDA,432,33,NDA,1168495.925,1919310.804
610105,Oriole Park Elementary School,ES,5424 N Oketo Ave ,(773) 534-1201,http://schoolreports.cps.edu/SchoolProgressReport_Eng/Spring2011Eng_610105.pdf,O'Hare Elementary Network,No,Standard,Not on Probation,Level 1,No,Very Strong,99,NDA,NDA,Very Strong,88,Strong,71,NDA,NDA,NDA,NDA,Strong,60,Weak,46,96.5,2.3,95.5,98.4,84.4,NDA,86,78.1,59.6,77.5,91.4,85.1,81.1,67,69.6,72.9,75.1,54.7,1.1,-0.2,Green,Yellow,87.1,53.3,NDA,NDA,NDA,NDA,NDA,NDA,NDA,NDA,NDA,NDA,648,30,NDA,1125978.285,1935191.982
609779,George Armstrong International Studies Elementary School,ES,2110 W Greenleaf Ave ,(773) 534-2150,http://schoolreports.cps.edu/SchoolProgressReport_Eng/Spring2011Eng_609779.pdf,Ravenswood-Ridge Elementary Network,No,Standard,Not on Probation,Level 1,No,Average,59,Average,57,Average,59,Strong,64,Average,53,Average,45,NDA,NDA,NDA,NDA,96.3,8.1,96.3,99.4,66.5,45.5,47.5,38.8,55.7,65.5,59.7,51.5,72.9,54.4,28.2,43.5,30.4,19.5,0.7,-0.2,Green,Yellow,30.8,60.9,NDA,NDA,NDA,NDA,NDA,NDA,NDA,NDA,NDA,NDA,1509,32,NDA,1160591.979,1946966.544
609896,Thomas Drummond Elementary School,ES,1845 W Cortland St ,(773) 534-4120,http://schoolreports.cps.edu/SchoolProgressReport_Eng/Spring2011Eng_609896.pdf,Fullerton Elementary Network,Yes,Track_E,Not on Probation,Level 1,No,Strong,72,NDA,NDA,Average,59,Average,46,NDA,NDA,NDA,NDA,Strong,58,Average,48,95.2,0.3,96.7,97.5,71.3,NDA,68.6,69.3,66.3,75.3,37.7,42.9,43.3,61.3,0,0,34,34,0,0.4,Yellow,Yellow,NDA,NDA,NDA,NDA,NDA,NDA,NDA,NDA,NDA,NDA,NDA,NDA,352,35,NDA,1163566.562,1912627.608
609994,William G Hibbard Elementary School,ES,3244 W Ainslie St ,(773) 534-5191,http://schoolreports.cps.edu/SchoolProgressReport_Eng/Spring2011Eng_609994.pdf,O'Hare Elementary Network,No,Standard,Not on Probation,Level 2,No,NDA,,NDA,NDA,NDA,,NDA,,NDA,NDA,NDA,NDA,Average,49,Average,50,96.5,3,96.9,99.3,70.7,20.7,38.3,27.2,40,46.7,38.8,34.7,33.9,38.3,NDA,NDA,19.3,15.3,0.5,-0.1,Green,Yellow,NDA,NDA,NDA,NDA,NDA,NDA,NDA,NDA,NDA,NDA,NDA,NDA,1239,31,NDA,1153660.42,1932405.972
609972,Helge A Haugan Elementary School,ES,4540 N Hamlin Ave ,(773) 534-5040,http://schoolreports.cps.edu/SchoolProgressReport_Eng/Spring2011Eng_609972.pdf,O'Hare Elementary Network,No,Standard,Not on Probation,Level 2,No,Average,43,Weak,39,Average,57,Average,49,Weak,33,Weak,30,Weak,46,Average,51,96.2,23.4,94.6,100,68.9,37.2,31.5,24.3,53.4,58.5,32.5,29.3,48,32.9,NDA,NDA,15.2,10.2,-0.3,0.3,Yellow,Yellow,NDA,NDA,NDA,NDA,NDA,NDA,NDA,NDA,NDA,NDA,NDA,NDA,1299,31,NDA,1150195.236,1930075.176
610191,Stone Elementary Scholastic Academy,ES,6239 N Leavitt St ,(773) 534-2045,http://schoolreports.cps.edu/SchoolProgressReport_Eng/Spring2011Eng_610191.pdf,Ravenswood-Ridge Elementary Network,Yes,Standard,Not on Probation,Level 1,No,Strong,78,NDA,NDA,Average,55,Average,43,NDA,NDA,NDA,NDA,Strong,55,Average,47,96.4,1.9,96,100,83.2,46.2,62.8,67.5,59.9,56.7,62,68.8,59.9,59.4,40,47.3,45.7,44.7,0.3,1.7,Yellow,Green,57.1,56.3,NDA,NDA,NDA,NDA,NDA,NDA,NDA,NDA,NDA,NDA,646,32,NDA,1160554.673,1941569.632
609737,Friedrich W von Steuben Metropolitan Science High School,HS,5039 N Kimball Ave ,(773) 534-5100,http://schoolreports.cps.edu/SchoolProgressReport_Eng/Spring2011Eng_609737.pdf,North-Northwest Side High School Network,No,Standard,Not on Probation,Level 2,No,Strong,70,Weak,39,Average,42,Average,51,Weak,26,Weak,29,NDA,NDA,NDA,NDA,87,4,95.6,99.2,NDA,NDA,NDA,NDA,NDA,NDA,NDA,NDA,NDA,NDA,NDA,NDA,,,,,NDA,NDA,NDA,NDA,15.9,15.7,17.3,16.7,0.8,20.4,3.1,34.6,88.2,78.5,1636,31,76.8,1152840.522,1933431.315
609817,Lyman A Budlong Elementary School,ES,2701 W Foster Ave ,(773) 534-2591,http://schoolreports.cps.edu/SchoolProgressReport_Eng/Spring2011Eng_609817.pdf,Ravenswood-Ridge Elementary Network,No,Standard,Not on Probation,Level 2,No,Average,59,Average,56,Weak,33,Weak,38,Average,44,Average,41,Average,50,Average,49,95.4,3.9,95.7,98.7,77.1,54.4,44.9,53.5,48.1,57.9,36.3,44,44.7,36.4,9.1,23.6,26.6,23.7,-1.7,-0.4,Red,Yellow,48.1,16,NDA,NDA,NDA,NDA,NDA,NDA,NDA,NDA,NDA,NDA,864,31,NDA,1157387.173,1934388.087
610534,Skinner North,ES,640 W Scott St ,(773) 534-8500,http://schoolreports.cps.edu/SchoolProgressReport_Eng/Spring2011Eng_610534.pdf,Fullerton Elementary Network,Yes,Standard,Not on Probation,Not Enough Data,No,NDA,,NDA,NDA,NDA,,NDA,,NDA,NDA,NDA,NDA,Strong,64,Average,52,96.4,0,97.8,100,83.3,83,100,100,74.1,76,NDA,NDA,NDA,NDA,NDA,NDA,100,100,,,NDA,NDA,NDA,NDA,NDA,NDA,NDA,NDA,NDA,NDA,NDA,NDA,NDA,NDA,242,33,NDA,1171670.974,1908773.84
610039,Carl von Linne Elementary School,ES,3221 N Sacramento Ave ,(773) 534-5262,http://schoolreports.cps.edu/SchoolProgressReport_Eng/Spring2011Eng_610039.pdf,Fullerton Elementary Network,No,Standard,Not on Probation,Level 1,No,Strong,68,Average,49,Strong,66,Strong,75,Weak,37,Average,44,Average,50,Strong,55,95.8,1.8,96.3,100,66.1,41.2,40.2,29.7,51.3,72,49.4,44.2,64.4,67.6,20.4,40.7,24.8,15.1,1.2,0.9,Green,Green,48.2,24,NDA,NDA,NDA,NDA,NDA,NDA,NDA,NDA,NDA,NDA,644,31,NDA,1155853.119,1921364.031
609695,Roald Amundsen High School,HS,5110 N Damen Ave ,(773) 534-2320,http://schoolreports.cps.edu/SchoolProgressReport_Eng/Spring2011Eng_609695.pdf,North-Northwest Side High School Network,No,Standard,Probation,Level 3,No,Average,51,Average,44,Average,43,Average,42,Weak,27,Average,41,Weak,43,Weak,41,81.1,8.7,95.9,99.2,NDA,NDA,NDA,NDA,NDA,NDA,NDA,NDA,NDA,NDA,NDA,NDA,,,,,NDA,NDA,NDA,NDA,13.8,13.9,14.9,14.8,1,16.7,1.8,16,64.6,49.1,1532,31,72.2,1162034.157,1934187.196
609708,Edwin G Foreman High School,HS,3235 N LeClaire Ave ,(773) 534-3400,http://schoolreports.cps.edu/SchoolProgressReport_Eng/Spring2011Eng_609708.pdf,North-Northwest Side High School Network,No,Standard,Probation,Level 3,No,Weak,26,NDA,NDA,Weak,28,Weak,23,NDA,NDA,NDA,NDA,NDA,NDA,NDA,NDA,84.3,10.3,94.8,99.6,NDA,NDA,NDA,NDA,NDA,NDA,NDA,NDA,NDA,NDA,NDA,NDA,,,,,NDA,NDA,NDA,NDA,13,12.7,14.1,13.7,0.7,15.3,1.2,12.5,59.7,40.9,1716,29,75.6,1141833.359,1921189.138
610051,Northwest Middle School,MS,5252 W Palmer St ,(773) 534-3250,http://schoolreports.cps.edu/SchoolProgressReport_Eng/Spring2011Eng_610051.pdf,Fullerton Elementary Network,No,Standard,Probation,Level 3,No,Weak,34,NDA,NDA,Very Weak,17,Very Weak,13,NDA,NDA,NDA,NDA,NDA,NDA,NDA,NDA,93.4,2.2,95.1,98.9,NDA,NDA,NDA,NDA,NDA,NDA,29.5,25.1,41.4,41.1,10.3,14.8,11.3,5.9,-0.9,-1.4,Red,Red,10.5,62.5,NDA,NDA,NDA,NDA,NDA,NDA,NDA,NDA,NDA,NDA,756,29,NDA,1140773.188,1914158.944
610070,James B McPherson Elementary School,ES,4728 N Wolcott Ave ,(773) 534-2625,http://schoolreports.cps.edu/SchoolProgressReport_Eng/Spring2011Eng_610070.pdf,Ravenswood-Ridge Elementary Network,No,Standard,Not on Probation,Level 2,No,Strong,71,NDA,NDA,Average,48,Weak,38,NDA,NDA,NDA,NDA,Average,52,Strong,54,96.5,1.2,96.3,100,69.7,41.9,36.7,39.7,47.4,51.7,30.4,42,34.1,43.4,10.2,37.3,15.4,15.9,-0.8,-0.6,Red,Yellow,NDA,NDA,NDA,NDA,NDA,NDA,NDA,NDA,NDA,NDA,NDA,NDA,695,31,NDA,1162923.519,1931558.605
610220,Thomas J Waters Elementary School,ES,4540 N Campbell Ave ,(773) 534-5090,http://schoolreports.cps.edu/SchoolProgressReport_Eng/Spring2011Eng_610220.pdf,Ravenswood-Ridge Elementary Network,No,Standard,Not on Probation,Level 1,No,Very Strong,85,NDA,NDA,Average,56,Average,54,NDA,NDA,NDA,NDA,Average,52,Average,49,96.1,0.4,95.1,100,70.4,31.2,51.1,59,42,44.2,49.6,54.7,61.6,50.8,22.7,61.4,27.2,28.5,0.2,0.6,Yellow,Yellow,NDA,NDA,NDA,NDA,NDA,NDA,NDA,NDA,NDA,NDA,NDA,NDA,590,31,NDA,1158841.899,1930252.459
609732,Charles P Steinmetz Academic Centre High School,HS,3030 N Mobile Ave ,(773) 534-3030,http://schoolreports.cps.edu/SchoolProgressReport_Eng/Spring2011Eng_609732.pdf,North-Northwest Side High School Network,No,Standard,Probation,Level 3,No,Weak,26,Weak,35,Weak,29,Weak,34,Weak,36,Weak,32,NDA,NDA,NDA,NDA,79.2,30.4,96.2,99.6,NDA,NDA,NDA,NDA,NDA,NDA,NDA,NDA,NDA,NDA,NDA,NDA,,,,,NDA,NDA,NDA,NDA,13,13.8,13.8,14.3,1.3,16.1,2.3,16.3,56.7,47,1890,30,70.3,1133838.348,1919613.694
610242,Joseph Brennemann Elementary School,ES,4251 N Clarendon Ave ,(773) 534-5766,http://schoolreports.cps.edu/SchoolProgressReport_Eng/Spring2011Eng_610242.pdf,Ravenswood-Ridge Elementary Network,No,Standard,Not on Probation,Level 1,No,Average,50,Average,56,Average,55,Average,59,Average,41,Average,54,Average,53,Strong,59,96.5,13.7,97.7,96.7,79.8,47.2,32.4,30.8,50.5,65.7,48.8,30,66.2,50,8.3,25,18.1,10.9,1,1,Green,Green,NDA,NDA,NDA,NDA,NDA,NDA,NDA,NDA,NDA,NDA,NDA,NDA,362,32,NDA,1170183.793,1928747.67
610078,Inter-American Elementary Magnet School,ES,851 W Waveland Ave ,(773) 534-5490,http://schoolreports.cps.edu/SchoolProgressReport_Eng/Spring2011Eng_610078.pdf,Ravenswood-Ridge Elementary Network,No,Standard,Not on Probation,Level 1,No,Strong,67,NDA,NDA,Average,50,Average,51,NDA,NDA,NDA,NDA,Average,51,Average,47,96.2,3,96.2,100,68.2,31.2,46.6,38.7,51.3,49.5,52.3,50,54.8,54.1,34.5,29.6,27.6,21.3,1.1,1.9,Green,Green,32.1,83.3,NDA,NDA,NDA,NDA,NDA,NDA,NDA,NDA,NDA,NDA,690,33,NDA,1169719.256,1924734.562
610234,Richard Yates Elementary School,ES,1839 N Richmond St ,(773) 534-4550,http://schoolreports.cps.edu/SchoolProgressReport_Eng/Spring2011Eng_610234.pdf,Fullerton Elementary Network,No,Track_E,Probation,Level 3,No,Average,42,NDA,NDA,Strong,66,Strong,73,NDA,NDA,NDA,NDA,Average,51,Strong,55,93.7,5.6,96.2,98.6,60.4,55.8,41.3,18,42.9,53.5,42.2,20.2,41.3,51.7,21.8,9.1,15.2,5.4,-0.2,-1,Yellow,Red,28.6,77.8,NDA,NDA,NDA,NDA,NDA,NDA,NDA,NDA,NDA,NDA,690,34,NDA,1156561.083,1912262.258
609720,Albert G Lane Technical High School,HS,2501 W Addison St ,(773) 534-5400,http://schoolreports.cps.edu/SchoolProgressReport_Eng/Spring2011Eng_609720.pdf,North-Northwest Side High School Network,Yes,Standard,Not on Probation,Level 1,No,Very Strong,88,NDA,NDA,Strong,62,Average,52,NDA,NDA,NDA,NDA,NDA,NDA,NDA,NDA,96.3,2.1,96.2,99.4,NDA,NDA,NDA,NDA,NDA,NDA,NDA,NDA,NDA,NDA,NDA,NDA,,,,,NDA,NDA,NDA,NDA,19.1,19.5,19.9,20.1,1,23.4,3.5,67.9,92.2,79.8,4368,35,90.7,1158975.392,1923791.705
610074,James Monroe Elementary School,ES,3651 W Schubert Ave ,(773) 534-4155,http://schoolreports.cps.edu/SchoolProgressReport_Eng/Spring2011Eng_610074.pdf,Fullerton Elementary Network,No,Track_E,Probation,Level 2,No,Average,45,NDA,NDA,Weak,26,Weak,22,NDA,NDA,NDA,NDA,Average,47,Average,47,95.1,22.1,95.8,98.1,66.5,25.8,37.9,27,46.5,55.1,31.6,32.2,50.3,45.3,12.5,24,15.5,11.6,-0.6,-0.4,Red,Yellow,NDA,NDA,NDA,NDA,NDA,NDA,NDA,NDA,NDA,NDA,NDA,NDA,1125,29,NDA,1151359.151,1917666.234
609729,Carl Schurz High School,HS,3601 N Milwaukee Ave ,(773) 534-3420,http://schoolreports.cps.edu/SchoolProgressReport_Eng/Spring2011Eng_609729.pdf,North-Northwest Side High School Network,No,Standard,Probation,Level 3,No,Average,48,Weak,36,Weak,36,Weak,29,Weak,30,Weak,31,NDA,NDA,NDA,NDA,81.2,13.8,96,98.9,NDA,NDA,NDA,NDA,NDA,NDA,NDA,NDA,NDA,NDA,NDA,NDA,,,,,NDA,NDA,NDA,NDA,13.1,12.9,14.3,14,0.9,15.6,1.3,9.7,62.1,40.4,2366,29,61.6,1146851.198,1923627.843
610136,William H Prescott Elementary School,ES,1632 W Wrightwood Ave ,(773) 534-5505,http://schoolreports.cps.edu/SchoolProgressReport_Eng/Spring2011Eng_610136.pdf,Fullerton Elementary Network,No,Track_E,Not on Probation,Level 2,No,Very Strong,90,NDA,NDA,Average,51,Weak,24,NDA,NDA,NDA,NDA,Average,50,Average,48,93.5,73.9,97.6,95,NDA,NDA,24.4,31.7,63.2,46.3,42.6,43.5,61.7,65.9,NDA,NDA,16,8.9,0.4,0.5,Yellow,Yellow,NDA,NDA,NDA,NDA,NDA,NDA,NDA,NDA,NDA,NDA,NDA,NDA,240,33,NDA,1164875.342,1917368.608
610187,Graeme Stewart Elementary School,ES,4525 N Kenmore Ave ,(773) 534-2640,http://schoolreports.cps.edu/SchoolProgressReport_Eng/Spring2011Eng_610187.pdf,Ravenswood-Ridge Elementary Network,No,Standard,Probation,Level 2,No,Average,49,NDA,NDA,Average,46,Average,57,NDA,NDA,NDA,NDA,Average,47,Average,52,95.2,77,96.1,100,47.4,44.2,23.6,25.8,66.3,52.9,31.7,46,59.3,55.9,9.1,40.9,11.9,9.7,0.5,1.1,Yellow,Yellow,30.4,NDA,NDA,NDA,NDA,NDA,NDA,NDA,NDA,NDA,NDA,NDA,280,32,NDA,1168446.748,1930325.571
610355,Mary E Courtenay Elementary Language Arts Center,ES,1726 W Berteau Ave ,(773) 534-5790,http://schoolreports.cps.edu/SchoolProgressReport_Eng/Spring2011Eng_610355.pdf,Ravenswood-Ridge Elementary Network,Yes,Standard,Not on Probation,Level 2,No,Very Strong,99,NDA,NDA,Very Strong,95,Very Strong,80,NDA,NDA,NDA,NDA,Strong,59,Average,49,94.9,10.8,94.2,100,90.5,92.9,51,38.5,62,59.2,47.7,57.8,45.5,37.8,16.7,55.6,21.2,28.6,-1.2,-0.8,Red,Yellow,19,NDA,NDA,NDA,NDA,NDA,NDA,NDA,NDA,NDA,NDA,NDA,257,33,NDA,1164156.393,1927985.538
610205,Lyman Trumbull Elementary School,ES,5200 N Ashland Ave ,(773) 534-2430,http://schoolreports.cps.edu/SchoolProgressReport_Eng/Spring2011Eng_610205.pdf,Ravenswood-Ridge Elementary Network,No,Standard,Probation,Level 3,No,Average,56,NDA,NDA,Average,47,Weak,25,NDA,NDA,NDA,NDA,Average,50,Strong,55,94.3,17.8,95.2,97.7,55.1,25.7,21.6,29,37.5,38,39,42.2,30.4,31.8,21.1,36.8,14.2,13.5,-1.8,-1.5,Red,Red,NDA,NDA,NDA,NDA,NDA,NDA,NDA,NDA,NDA,NDA,NDA,NDA,438,32,NDA,1164684.835,1934622.012
610269,John T McCutcheon Elementary School,ES,4865 N Sheridan Rd ,(773) 534-2680,http://schoolreports.cps.edu/SchoolProgressReport_Eng/Spring2011Eng_610269.pdf,Ravenswood-Ridge Elementary Network,No,Standard,Not on Probation,Level 2,No,Average,56,Weak,36,Strong,67,Average,41,Weak,32,Average,42,Average,52,Average,53,94,8.8,94.8,98.1,62.4,66.3,31.3,30.3,46.7,48.3,34.1,40.5,48.1,58.4,9.1,13.6,19.5,10.8,1,-0.2,Green,Yellow,NDA,NDA,NDA,NDA,NDA,NDA,NDA,NDA,NDA,NDA,NDA,NDA,355,32,NDA,1168789.535,1932738.462
610354,North River Elementary School,ES,4416 N Troy St ,(773) 534-0590,http://schoolreports.cps.edu/SchoolProgressReport_Eng/Spring2011Eng_610354.pdf,O'Hare Elementary Network,No,Standard,Not on Probation,Level 2,No,Strong,67,Strong,60,Average,53,Average,51,Average,47,Average,47,Average,50,Average,51,95.6,20.1,96,100,46.2,55.8,47.9,39.4,56.3,64.1,27.8,35.1,35.7,54.9,22.2,40.7,19.6,13.7,-0.2,-0.3,Yellow,Yellow,NDA,NDA,NDA,NDA,NDA,NDA,NDA,NDA,NDA,NDA,NDA,NDA,359,31,NDA,1154546.547,1929268.921
609780,Ames Middle School,MS,1920 N Hamlin Ave ,(773) 534-4970,http://schoolreports.cps.edu/SchoolProgressReport_Eng/Spring2011Eng_609780.pdf,Fullerton Elementary Network,No,Standard,Probation,Level 2,No,Weak,38,Very Weak,17,Weak,27,Weak,35,Weak,26,Weak,26,Average,50,Average,50,94.3,5.3,96,100,NDA,NDA,NDA,NDA,NDA,NDA,35.1,27.9,76.8,51.1,9.2,18.4,14.5,3,-1.9,-1.5,Red,Red,28.8,55,NDA,NDA,NDA,NDA,NDA,NDA,NDA,NDA,NDA,NDA,586,34,NDA,1150696.779,1912593.823
610390,Hyman G Rickover Naval Academy High School,HS,5900 N Glenwood Ave ,(773) 534-2890,http://schoolreports.cps.edu/SchoolProgressReport_Eng/Spring2011Eng_610390.pdf,North-Northwest Side High School Network,No,Standard,Not on Probation,Level 2,No,Strong,64,NDA,NDA,Strong,64,Average,42,NDA,NDA,NDA,NDA,Average,53,Average,48,92.9,15.4,95.9,100,NDA,NDA,NDA,NDA,NDA,NDA,NDA,NDA,NDA,NDA,NDA,NDA,,,,,NDA,NDA,NDA,NDA,15.2,15.4,16.5,15.8,0.6,18.7,2.2,23.4,63,63.5,423,32,90.7,1165871.81,1939308.369
610147,Philip Rogers Elementary School,ES,7345 N Washtenaw Ave ,(773) 534-2125,http://schoolreports.cps.edu/SchoolProgressReport_Eng/Spring2011Eng_610147.pdf,Ravenswood-Ridge Elementary Network,No,Standard,Not on Probation,Level 1,No,Very Strong,81,Strong,76,Strong,68,Strong,62,Strong,75,Strong,64,Average,53,Average,51,96.4,3,95.1,100,77.3,50.9,49.8,47.2,60.9,61.9,73,52.7,75.1,53.6,37.3,52.5,34.3,28.3,0.7,0.7,Green,Yellow,NDA,NDA,NDA,NDA,NDA,NDA,NDA,NDA,NDA,NDA,NDA,NDA,735,32,NDA,1157132.164,1948795.474
609804,Daniel Boone Elementary School,ES,6710 N Washtenaw Ave ,(773) 534-2160,http://schoolreports.cps.edu/SchoolProgressReport_Eng/Spring2011Eng_609804.pdf,Ravenswood-Ridge Elementary Network,No,Standard,Not on Probation,Level 1,No,Average,52,Average,50,Average,47,Average,48,Average,45,Average,53,Average,50,Average,49,95.5,10.5,95.4,97.6,65,43,39.7,33.2,55.4,61.8,43.1,35.2,56.3,42.3,22.5,35,22,17.6,1.1,1.9,Green,Green,NDA,NDA,NDA,NDA,NDA,NDA,NDA,NDA,NDA,NDA,NDA,NDA,752,32,NDA,1157068.657,1944483.472
610179,Washington D Smyser Elementary School,ES,4310 N Melvina Ave ,(773) 534-3711,http://schoolreports.cps.edu/SchoolProgressReport_Eng/Spring2011Eng_610179.pdf,O'Hare Elementary Network,No,Standard,Not on Probation,Level 1,No,Average,55,NDA,NDA,Average,43,Average,45,NDA,NDA,NDA,NDA,NDA,NDA,NDA,NDA,95.5,4.9,97.2,96.6,72.6,NDA,53.9,58.4,61.1,65.7,59.2,60.2,64.7,51.5,27,49.5,36.5,27.5,0.6,0.1,Green,Yellow,NDA,NDA,NDA,NDA,NDA,NDA,NDA,NDA,NDA,NDA,NDA,NDA,1047,30,NDA,1134202.834,1928091.892
609719,Lake View High School,HS,4015 N Ashland Ave ,(773) 534-5440,http://schoolreports.cps.edu/SchoolProgressReport_Eng/Spring2011Eng_609719.pdf,North-Northwest Side High School Network,No,Standard,Not on Probation,Level 2,No,Strong,64,NDA,NDA,Average,52,Average,43,NDA,NDA,NDA,NDA,Average,49,Weak,43,87.7,8.5,96.2,100,NDA,NDA,NDA,NDA,NDA,NDA,NDA,NDA,NDA,NDA,NDA,NDA,,,,,NDA,NDA,NDA,NDA,15.3,15.8,16.1,16.7,1.4,17.8,1.7,36.6,81.4,62.8,1500,33,87.3,1164975.217,1926813.581
610022,Joyce Kilmer Elementary School,ES,6700 N Greenview Ave ,(773) 534-2115,http://schoolreports.cps.edu/SchoolProgressReport_Eng/Spring2011Eng_610022.pdf,Ravenswood-Ridge Elementary Network,No,Standard,Not on Probation,Level 2,No,NDA,,Average,43,NDA,,NDA,,Average,43,Average,42,Average,49,Average,51,96,15.6,96.9,100,70,51.2,40.5,28.6,53.4,61.2,39.4,33.7,57.8,52.8,22.7,27.3,22.8,15,-0.2,-0.6,Yellow,Yellow,NDA,NDA,NDA,NDA,NDA,NDA,NDA,NDA,NDA,NDA,NDA,NDA,886,32,NDA,1165015.365,1944631.682
610209,Alessandro Volta Elementary School,ES,4950 N Avers Ave ,(773) 534-5080,http://schoolreports.cps.edu/SchoolProgressReport_Eng/Spring2011Eng_610209.pdf,O'Hare Elementary Network,No,Track_E,Not on Probation,Level 2,No,Average,43,Strong,61,Weak,28,Weak,37,Strong,62,Average,56,Average,51,Average,53,96.4,22.5,95.9,100,63.9,43.2,51.3,32.9,50.7,70,52.5,31.3,59.8,57.6,16.5,24.7,19.9,14.2,0.3,-0.4,Yellow,Yellow,31.6,65.2,NDA,NDA,NDA,NDA,NDA,NDA,NDA,NDA,NDA,NDA,1023,31,NDA,1149774.095,1932831.151
609926,Franklin Elementary Fine Arts Center,ES,225 W Evergreen Ave ,(773) 534-8510,http://schoolreports.cps.edu/SchoolProgressReport_Eng/Spring2011Eng_609926.pdf,Fullerton Elementary Network,Yes,Standard,Not on Probation,Level 1,No,Very Strong,87,NDA,NDA,Strong,60,Average,55,NDA,NDA,NDA,NDA,Strong,58,Average,48,95.9,5.6,95.3,100,72.7,42.6,74.1,66.9,50,53.1,70.2,71.3,56.4,54.8,33.3,63.6,55.1,50.2,0.8,1.4,Green,Green,NDA,NDA,NDA,NDA,NDA,NDA,NDA,NDA,NDA,NDA,NDA,NDA,363,33,NDA,1174204.012,1909317.563
609728,Theodore Roosevelt High School,HS,3436 W Wilson Ave ,(773) 534-5000,http://schoolreports.cps.edu/SchoolProgressReport_Eng/Spring2011Eng_609728.pdf,North-Northwest Side High School Network,No,Standard,Probation,Level 3,No,Average,42,NDA,NDA,Average,42,Weak,37,NDA,NDA,NDA,NDA,NDA,NDA,NDA,NDA,82.3,9.7,96.1,100,NDA,NDA,NDA,NDA,NDA,NDA,NDA,NDA,NDA,NDA,NDA,NDA,,,,,NDA,NDA,NDA,NDA,12.9,13.4,14.3,14,1.1,15.7,1.4,13.7,59.4,42.9,1490,31,61.2,1152459.778,1930390.229
609910,Laughlin Falconer Elementary School,ES,3020 N Lamon Ave ,(773) 534-3560,http://schoolreports.cps.edu/SchoolProgressReport_Eng/Spring2011Eng_609910.pdf,Fullerton Elementary Network,No,Standard,Not on Probation,Level 2,No,Average,54,Weak,24,Average,48,Weak,27,Weak,22,Weak,30,Average,49,Average,53,96.1,5.7,97,99.5,71.7,42.9,47.7,28.5,46.9,63.4,72,33.3,77.2,59.1,NDA,NDA,21,14.2,1.1,0.8,Green,Green,NDA,NDA,NDA,NDA,NDA,NDA,NDA,NDA,NDA,NDA,NDA,NDA,1520,29,NDA,1143139.285,1919727.764
609995,Rufus M Hitch Elementary School,ES,5625 N McVicker Ave ,(773) 534-1189,http://schoolreports.cps.edu/SchoolProgressReport_Eng/Spring2011Eng_609995.pdf,O'Hare Elementary Network,No,Standard,Not on Probation,Level 1,Yes,Strong,64,Strong,77,Average,55,Average,58,Strong,65,Strong,70,Strong,55,Strong,54,95.1,3.7,96.6,98.6,73.7,27.6,62.2,51.7,50,67.8,56.5,54.8,52,63.3,22.9,37.5,29.5,24.7,-0.1,0,Yellow,Yellow,NDA,NDA,NDA,NDA,NDA,NDA,NDA,NDA,NDA,NDA,NDA,NDA,542,30,NDA,1134940.195,1937129.571
609880,Stephen Decatur Classical Elementary School,ES,7030 N Sacramento Ave ,(773) 534-2201,http://schoolreports.cps.edu/SchoolProgressReport_Eng/Spring2011Eng_609880.pdf,Ravenswood-Ridge Elementary Network,Yes,Standard,Not on Probation,Level 1,No,Very Strong,99,Very Strong,99,Very Strong,99,Very Strong,99,Very Strong,99,Very Strong,99,Average,52,Weak,46,96.2,2.8,95.4,100,100,97.2,98.6,98.6,50.7,61.3,100,100,48.1,78.6,NDA,NDA,93.6,93.6,0.2,-1,Yellow,Red,NDA,NDA,NDA,NDA,NDA,NDA,NDA,NDA,NDA,NDA,NDA,NDA,289,32,NDA,1155108.239,1946608.822
609850,Horace Greeley Elementary School,ES,832 W Sheridan Rd ,(773) 534-5800,http://schoolreports.cps.edu/SchoolProgressReport_Eng/Spring2011Eng_609850.pdf,Ravenswood-Ridge Elementary Network,No,Standard,Not on Probation,Level 1,No,Strong,65,NDA,NDA,Average,48,Weak,38,NDA,NDA,NDA,NDA,Average,52,Average,52,95.9,6,96,100,64.5,35.5,46.7,37.4,48.8,52.8,65.6,47.9,53.1,49.7,43.1,50,26.9,16.3,0.2,-0.2,Yellow,Yellow,NDA,NDA,NDA,NDA,NDA,NDA,NDA,NDA,NDA,NDA,NDA,NDA,611,32,NDA,1169860.926,1926142.578
609809,Lorenz Brentano Math & Science Academy Elementary School,ES,2723 N Fairfield Ave ,(773) 534-4100,http://schoolreports.cps.edu/SchoolProgressReport_Eng/Spring2011Eng_609809.pdf,Fullerton Elementary Network,No,Standard,Not on Probation,Level 2,No,Average,57,Average,47,Average,43,Average,46,Weak,30,Weak,32,NDA,NDA,NDA,NDA,94.7,9.2,97.7,100,48.5,42.6,44.2,30.8,50.9,56.1,54.4,30.9,48.9,46.6,20.8,28.3,18.4,8.2,-1.6,-1,Red,Red,48.1,3.8,NDA,NDA,NDA,NDA,NDA,NDA,NDA,NDA,NDA,NDA,455,31,NDA,1157602.725,1918079.537
609945,William C Goudy Elementary School,ES,5120 N Winthrop Ave ,(773) 534-2480,http://schoolreports.cps.edu/SchoolProgressReport_Eng/Spring2011Eng_609945.pdf,Ravenswood-Ridge Elementary Network,No,Standard,Not on Probation,Level 1,No,Strong,70,Average,52,Strong,74,Strong,61,Strong,65,Average,52,NDA,NDA,NDA,NDA,96.1,6,95.8,100,64,62.9,46.1,32.8,52.5,59.5,61.5,48.3,65.6,60.7,37.5,51.8,30.8,23.6,0.9,1,Green,Green,34.5,100,NDA,NDA,NDA,NDA,NDA,NDA,NDA,NDA,NDA,NDA,805,32,NDA,1167897.992,1934499.505
609968,Sharon Christa McAuliffe Elementary School,ES,1841 N Springfield Ave ,(773) 534-4400,http://schoolreports.cps.edu/SchoolProgressReport_Eng/Spring2011Eng_609968.pdf,Fullerton Elementary Network,No,Standard,Probation,Level 3,Yes,NDA,,NDA,NDA,NDA,,NDA,,NDA,NDA,NDA,NDA,Average,52,Strong,56,93.9,14.2,95.7,98.9,64.7,25.1,34.4,24.4,39.5,56.1,27.5,21.6,37.5,44.7,NDA,NDA,10.4,11,-1,-0.9,Red,Red,NDA,NDA,NDA,NDA,NDA,NDA,NDA,NDA,NDA,NDA,NDA,NDA,862,34,NDA,1150124.467,1912135.002
609933,Stephen F Gale Elementary Community Academy,ES,1631 W Jonquil Ter ,(773) 534-2100,http://schoolreports.cps.edu/SchoolProgressReport_Eng/Spring2011Eng_609933.pdf,Ravenswood-Ridge Elementary Network,No,Standard,Probation,Level 3,No,Weak,39,Weak,31,Weak,35,Weak,27,Weak,33,Weak,29,Weak,45,Weak,43,92.1,34.8,95.2,100,40.1,15.5,18.7,17.9,49.3,39.3,32.4,24.8,46.2,48.9,7.5,22.5,7.6,6.9,-0.5,0,Yellow,Yellow,20.9,NDA,NDA,NDA,NDA,NDA,NDA,NDA,NDA,NDA,NDA,NDA,532,32,NDA,1163959.517,1950960.205
610094,Louis Nettelhorst Elementary School,ES,3252 N Broadway St ,(773) 534-5810,http://schoolreports.cps.edu/SchoolProgressReport_Eng/Spring2011Eng_610094.pdf,Ravenswood-Ridge Elementary Network,Yes,Standard,Not on Probation,Level 1,No,Average,58,NDA,NDA,Weak,34,Weak,30,NDA,NDA,NDA,NDA,NDA,NDA,NDA,NDA,95.5,5.3,95.9,97.9,85.4,52.2,67.6,71.2,61.6,61.4,56.8,66.7,45.1,51,29.6,29.6,38.2,42.4,0.2,0,Yellow,Yellow,53.6,33.3,NDA,NDA,NDA,NDA,NDA,NDA,NDA,NDA,NDA,NDA,729,33,NDA,1171628.585,1922072.58
610402,DeVry University Advantage Academy High School,HS,3300 N Campbell ,(773) 697-2216,http://schoolreports.cps.edu/SchoolProgressReport_Eng/Spring2011Eng_610402.pdf,North-Northwest Side High School Network,No,Standard,Not on Probation,Level 1,No,NDA,,NDA,NDA,NDA,,NDA,,NDA,NDA,NDA,NDA,Strong,58,Strong,55,96.7,0,94.5,100,NDA,NDA,NDA,NDA,NDA,NDA,NDA,NDA,NDA,NDA,NDA,NDA,,,,,NDA,NDA,NDA,NDA,NDA,NDA,NDA,NDA,NDA,20.7,NDA,40.6,NDA,63.3,200,35,NDA,1159059.411,1921900.745
609789,John Barry Elementary School,ES,2828 N Kilbourn Ave ,(773) 534-3455,http://schoolreports.cps.edu/SchoolProgressReport_Eng/Spring2011Eng_609789.pdf,Fullerton Elementary Network,No,Standard,Not on Probation,Level 2,No,Weak,35,Average,49,Strong,70,Very Strong,81,Weak,34,Average,41,Average,51,Average,49,95.1,5.6,96.1,97.7,76.4,55,41.2,28.2,44.9,49.2,63.6,32.5,81.2,64.8,NDA,NDA,15.2,12.4,0.7,0.5,Green,Yellow,NDA,NDA,NDA,NDA,NDA,NDA,NDA,NDA,NDA,NDA,NDA,NDA,800,29,NDA,1145852.597,1918556.652
610542,West Ridge Elementary School,ES,6700 N Whipple St ,(773) 534-8250,http://schoolreports.cps.edu/SchoolProgressReport_Eng/Spring2011Eng_610542.pdf,Ravenswood-Ridge Elementary Network,No,Standard,Not on Probation,Not Enough Data,No,Strong,67,NDA,NDA,Average,41,Weak,28,NDA,NDA,NDA,NDA,Weak,46,Strong,58,94.9,6.8,0,100,69,46.8,43.3,32.9,46.3,60.9,44,34.4,48.7,43.2,18.2,26.2,16.9,13,-2.2,-1,Red,Red,NDA,NDA,NDA,NDA,NDA,NDA,NDA,NDA,NDA,NDA,NDA,NDA,659,32,NDA,1154772.178,1944306.386
610099,Norwood Park Elementary School,ES,5900 N Nina Ave ,(773) 534-1198,http://schoolreports.cps.edu/SchoolProgressReport_Eng/Spring2011Eng_610099.pdf,O'Hare Elementary Network,Yes,Standard,Not on Probation,Level 1,No,Very Strong,99,Very Strong,86,Strong,69,Strong,68,Weak,31,Weak,32,Strong,57,Average,52,95.5,0.3,95.6,100,75.2,57.8,69.3,65.8,56.3,52.7,90.3,77.7,57.3,61.2,64.1,69.2,50.5,39,-1.8,-0.9,Red,Red,94.7,69.4,NDA,NDA,NDA,NDA,NDA,NDA,NDA,NDA,NDA,NDA,359,30,NDA,1128430.406,1938729.626
610137,Ernst Prussing Elementary School,ES,4650 N Menard Ave ,(773) 534-3460,http://schoolreports.cps.edu/SchoolProgressReport_Eng/Spring2011Eng_610137.pdf,O'Hare Elementary Network,No,Standard,Not on Probation,Level 2,No,Strong,71,NDA,NDA,Average,49,Average,42,NDA,NDA,NDA,NDA,Weak,43,Weak,44,95.4,23.4,96,98.5,84.6,NDA,55.4,54,48.3,58.2,56,57.4,52.3,46.3,47.2,75.5,31.4,24.5,-0.8,-0.1,Red,Yellow,NDA,NDA,NDA,NDA,NDA,NDA,NDA,NDA,NDA,NDA,NDA,NDA,672,30,NDA,1136787.381,1930557.622
609942,Johann W von Goethe Elementary School,ES,2236 N Rockwell St ,(773) 534-4135,http://schoolreports.cps.edu/SchoolProgressReport_Eng/Spring2011Eng_609942.pdf,Fullerton Elementary Network,No,Standard,Not on Probation,Level 2,No,Strong,75,Strong,61,Strong,68,Average,52,Strong,62,Strong,69,Strong,57,Average,53,95.8,5.6,97,99.1,72.7,55.1,40.6,42.4,68.6,80.2,57.6,52.7,71.2,59.6,21.4,31.4,24.9,17.6,-0.8,-0.7,Red,Red,20.5,29.4,NDA,NDA,NDA,NDA,NDA,NDA,NDA,NDA,NDA,NDA,786,35,NDA,1158528.612,1915119.213
609922,Belmont-Cragin Elementary School,ES,2456 N Mango Ave ,(773) 534-2900,http://schoolreports.cps.edu/SchoolProgressReport_Eng/Spring2011Eng_609922.pdf,Fullerton Elementary Network,No,Track_E,Not on Probation,Level 2,No,Strong,75,Very Strong,81,Strong,67,Strong,66,Average,45,Average,53,Strong,55,Strong,54,95.3,1.3,96.8,98.9,60.7,31.8,22.5,21.3,51.8,55.3,42.9,39,61.7,53.2,0,6.9,11,11,0.2,1,Yellow,Yellow,NDA,NDA,NDA,NDA,NDA,NDA,NDA,NDA,NDA,NDA,NDA,NDA,634,29,NDA,1137592.32,1915980.764
609930,Frederick Funston Elementary School,ES,2010 N Central Park ,(773) 534-4125,http://schoolreports.cps.edu/SchoolProgressReport_Eng/Spring2011Eng_609930.pdf,Fullerton Elementary Network,No,Track_E,Probation,Level 3,No,Very Weak,16,NDA,NDA,Very Weak,14,Very Weak,16,NDA,NDA,NDA,NDA,Weak,40,Average,47,94.7,16.8,95.4,100,65.1,40.2,18.2,17.4,32.6,48.3,26.1,26.8,46.4,41.8,18.2,31.8,12.2,5.8,-2.1,-1.1,Red,Red,NDA,NDA,NDA,NDA,NDA,NDA,NDA,NDA,NDA,NDA,NDA,NDA,619,34,NDA,1152012.963,1913173.956
609730,Nicholas Senn High School,HS,5900 N Glenwood Ave ,(773) 534-2365,http://schoolreports.cps.edu/SchoolProgressReport_Eng/Spring2011Eng_609730.pdf,North-Northwest Side High School Network,No,Standard,Probation,Level 3,No,Average,48,NDA,NDA,Average,45,Average,42,NDA,NDA,NDA,NDA,NDA,NDA,NDA,NDA,81.7,41.3,96.4,100,NDA,NDA,NDA,NDA,NDA,NDA,NDA,NDA,NDA,NDA,NDA,NDA,,,,,NDA,NDA,NDA,NDA,12.8,14.3,14.3,13.9,1.1,15.8,1.5,17.5,40.1,54.4,1053,32,79.8,1165871.81,1939308.369
609782,John J Audubon Elementary School,ES,3500 N Hoyne Ave ,(773) 534-5470,http://schoolreports.cps.edu/SchoolProgressReport_Eng/Spring2011Eng_609782.pdf,Ravenswood-Ridge Elementary Network,Yes,Standard,Not on Probation,Level 1,No,Very Strong,95,Strong,73,Strong,75,Strong,60,Strong,60,Strong,65,Strong,61,Average,47,96.2,4.5,96.7,98.6,NDA,54.3,72.1,68.9,65.5,76.7,67.5,70.3,82.6,65.3,31.6,36.8,45.3,34.8,1.2,1.1,Green,Green,47.4,61.1,NDA,NDA,NDA,NDA,NDA,NDA,NDA,NDA,NDA,NDA,580,33,NDA,1161693.811,1923258.727
609857,Grover Cleveland Elementary School,ES,3121 W Byron St ,(773) 534-5130,http://schoolreports.cps.edu/SchoolProgressReport_Eng/Spring2011Eng_609857.pdf,O'Hare Elementary Network,No,Standard,Not on Probation,Level 1,No,Strong,64,Average,43,Average,58,Average,47,Average,51,Average,44,Average,49,Average,48,95,6.1,96.3,100,72.5,38.7,53.6,37.3,49.7,49.5,47.9,45.7,50.5,58.3,21.2,36.5,23.4,15.8,-0.3,-0.5,Yellow,Yellow,27.6,58.3,NDA,NDA,NDA,NDA,NDA,NDA,NDA,NDA,NDA,NDA,688,31,NDA,1154778.842,1925727.705
609734,William Howard Taft High School,HS,6530 W Bryn Mawr Ave ,(773) 534-1000,http://schoolreports.cps.edu/SchoolProgressReport_Eng/Spring2011Eng_609734.pdf,North-Northwest Side High School Network,No,Standard,Not on Probation,Level 2,No,Strong,61,NDA,NDA,Weak,37,Weak,32,NDA,NDA,NDA,NDA,NDA,NDA,NDA,NDA,89.1,9.8,96.1,99.7,NDA,NDA,NDA,NDA,NDA,NDA,91.8,93.6,41.3,59.8,71.9,88.4,80.2,50.6,-3.1,-1.8,Red,Red,74.4,60,14.8,15.7,15.9,16.4,1.6,17.9,2,32.3,67.4,62.2,2922,30,77.3,1131556.247,1936856.822
609796,Jean Baptiste Beaubien Elementary School,ES,5025 N Laramie Ave ,(773) 534-3500,http://schoolreports.cps.edu/SchoolProgressReport_Eng/Spring2011Eng_609796.pdf,O'Hare Elementary Network,Yes,Standard,Not on Probation,Level 1,No,Strong,63,NDA,NDA,Average,49,Average,47,NDA,NDA,NDA,NDA,NDA,NDA,NDA,NDA,95.7,7.4,96.3,98.4,81.6,NDA,66.8,68.9,67.4,69.1,77,73.4,70.6,60.1,45.1,56.6,49.1,41.8,0.2,0.2,Yellow,Yellow,36.8,72.2,NDA,NDA,NDA,NDA,NDA,NDA,NDA,NDA,NDA,NDA,1181,31,NDA,1140829.242,1933051.044
610529,Ogden International High School,HS,1250 W Erie St ,(773) 534-0866,http://schoolreports.cps.edu/SchoolProgressReport_Eng/Spring2011Eng_610529.pdf,North-Northwest Side High School Network,Yes,Standard,Not on Probation,Not Enough Data,No,Average,56,NDA,NDA,Weak,39,Weak,24,NDA,NDA,NDA,NDA,NDA,NDA,NDA,NDA,94.2,13.7,0,100,NDA,NDA,NDA,NDA,NDA,NDA,61.9,71.6,48.1,61.6,47.9,69.2,42.6,38.9,-0.6,-0.6,Red,Yellow,58.7,29,14.5,14.7,NDA,16,1.5,NDA,NDA,NDA,NDA,NDA,558,35,93.3,1167748.1,1904529.595
609963,Alexander Hamilton Elementary School,ES,1650 W Cornelia Ave ,(773) 534-5484,http://schoolreports.cps.edu/SchoolProgressReport_Eng/Spring2011Eng_609963.pdf,Ravenswood-Ridge Elementary Network,No,Standard,Not on Probation,Level 2,No,Strong,73,Strong,64,Strong,60,Average,59,Average,59,Average,48,Strong,57,Strong,54,95.3,12.5,97.4,97.4,70.3,47.2,34.4,48.4,56.5,62.9,31.9,46.8,48.9,51.1,14.3,35.7,13.8,21.3,0.6,0.6,Yellow,Yellow,NDA,NDA,NDA,NDA,NDA,NDA,NDA,NDA,NDA,NDA,NDA,NDA,307,33,NDA,1164474.274,1923334.414
610141,Ravenswood Elementary School,ES,4332 N Paulina St ,(773) 534-5525,http://schoolreports.cps.edu/SchoolProgressReport_Eng/Spring2011Eng_610141.pdf,Ravenswood-Ridge Elementary Network,No,Standard,Not on Probation,Level 2,No,Average,46,NDA,NDA,Average,42,Average,41,NDA,NDA,NDA,NDA,Average,53,Weak,44,94.9,8.1,95.7,100,78.7,NDA,46.9,45.9,62.2,74.5,39.8,51.9,67.6,59.4,4.3,34.8,18.9,13.7,-0.4,-0.3,Yellow,Yellow,NDA,NDA,NDA,NDA,NDA,NDA,NDA,NDA,NDA,NDA,NDA,NDA,465,33,NDA,1164402.827,1928980.278
610011,Minnie Mars Jamieson Elementary School,ES,5650 N Mozart St ,(773) 534-2395,http://schoolreports.cps.edu/SchoolProgressReport_Eng/Spring2011Eng_610011.pdf,Ravenswood-Ridge Elementary Network,No,Standard,Not on Probation,Level 1,No,Strong,64,Average,50,Strong,62,Strong,66,Average,55,Average,41,Average,52,Average,53,95.7,8.1,96.2,100,79.1,NDA,63.8,58,70.1,72.1,57.6,67.2,66.1,62.7,30.5,35.4,37.5,23.7,0.3,0.6,Yellow,Yellow,38.1,42.9,NDA,NDA,NDA,NDA,NDA,NDA,NDA,NDA,NDA,NDA,811,32,NDA,1156286.231,1937618.645
610189,Joseph Stockton Elementary School,ES,4420 N Beacon St ,(773) 534-2450,http://schoolreports.cps.edu/SchoolProgressReport_Eng/Spring2011Eng_610189.pdf,Ravenswood-Ridge Elementary Network,No,Standard,Not on Probation,Level 2,No,Weak,37,NDA,NDA,Average,51,Strong,68,NDA,NDA,NDA,NDA,NDA,NDA,NDA,NDA,94.9,11,95.3,100,53.2,47.2,35.3,28.2,41.2,50,54.7,56.4,51.1,50.5,21.1,44.7,18.3,12.4,-0.5,-0.1,Yellow,Yellow,30.8,75,NDA,NDA,NDA,NDA,NDA,NDA,NDA,NDA,NDA,NDA,462,32,NDA,1166321.035,1929570.108
609738,Lincoln Park High School,HS,2001 N Orchard St ,(773) 534-8130,http://schoolreports.cps.edu/SchoolProgressReport_Eng/Spring2011Eng_609738.pdf,North-Northwest Side High School Network,No,Standard,Not on Probation,Level 2,No,Strong,65,Strong,61,Average,44,Average,49,Average,45,Average,45,NDA,NDA,NDA,NDA,84.6,9.2,96,100,NDA,NDA,NDA,NDA,NDA,NDA,NDA,NDA,NDA,NDA,NDA,NDA,,,,,NDA,NDA,NDA,NDA,17.7,18,18.6,19,1.3,21.6,3,53.6,77.9,75.5,2342,33,74.4,1171322.336,1913569.392
609884,William E Dever Elementary School,ES,3436 N Osceola Ave ,(773) 534-3090,http://schoolreports.cps.edu/SchoolProgressReport_Eng/Spring2011Eng_609884.pdf,O'Hare Elementary Network,No,Standard,Not on Probation,Level 1,No,Strong,67,Strong,66,Strong,60,Strong,78,Weak,37,Weak,36,Average,50,Average,48,95.5,2.1,95.9,100,71.1,34.9,60.8,51.1,62.9,66.3,73.5,57.6,68.6,63.8,20,46.7,31.5,27.9,0.4,1.3,Yellow,Green,NDA,NDA,NDA,NDA,NDA,NDA,NDA,NDA,NDA,NDA,NDA,NDA,843,30,NDA,1125764.896,1922082.022
609899,Christian Ebinger Elementary School,ES,7350 W Pratt Ave ,(773) 534-1070,http://schoolreports.cps.edu/SchoolProgressReport_Eng/Spring2011Eng_609899.pdf,O'Hare Elementary Network,Yes,Standard,Not on Probation,Level 1,No,Strong,78,Strong,72,Strong,66,Average,50,Weak,26,Strong,62,Average,52,Weak,43,95.9,9.3,95.2,97,84.7,61.5,81.2,68.5,63.3,82.2,77.4,69.4,56.8,70.1,34.5,53.4,50.6,40.2,0.5,1.4,Green,Green,NDA,NDA,NDA,NDA,NDA,NDA,NDA,NDA,NDA,NDA,NDA,NDA,650,30,NDA,1126172.537,1944639.095
610165,Franz Peter Schubert Elementary School,ES,2727 N Long Ave ,(773) 534-3080,http://schoolreports.cps.edu/SchoolProgressReport_Eng/Spring2011Eng_610165.pdf,Fullerton Elementary Network,No,Track_E,Probation,Level 3,No,NDA,,Weak,31,NDA,,NDA,,Weak,32,Weak,26,Average,47,Average,49,95.8,2.1,97,100,73.2,35.9,37.4,27.3,49.5,56.4,NDA,NDA,NDA,NDA,NDA,NDA,10.6,10.2,-0.2,-1.1,Yellow,Red,NDA,NDA,NDA,NDA,NDA,NDA,NDA,NDA,NDA,NDA,NDA,NDA,949,29,NDA,1139945.571,1917742.002
610248,Chicago Academy Elementary School,ES,3400 N Austin Ave ,(773) 534-0146,http://schoolreports.cps.edu/SchoolProgressReport_Eng/Spring2011Eng_610248.pdf,AUSL Schools,Yes,Standard,Not on Probation,Level 1,No,Strong,66,NDA,NDA,Average,40,Weak,22,NDA,NDA,NDA,NDA,Average,47,Average,51,96.3,6,96.1,100,NDA,NDA,66.3,62.6,66.7,68.8,62.9,64.9,57.5,62.4,26.7,46.7,41.9,30.3,-0.1,1.8,Yellow,Green,50,53.8,NDA,NDA,NDA,NDA,NDA,NDA,NDA,NDA,NDA,NDA,601,30,NDA,1135740.091,1922002.941
609803,James G Blaine Elementary School,ES,1420 W Grace St ,(773) 534-5750,http://schoolreports.cps.edu/SchoolProgressReport_Eng/Spring2011Eng_609803.pdf,Ravenswood-Ridge Elementary Network,Yes,Standard,Not on Probation,Level 1,No,Very Strong,99,NDA,NDA,Strong,76,Strong,74,NDA,NDA,NDA,NDA,Weak,40,Weak,46,96.4,2.1,96,88.4,87.5,62.6,88.6,78.5,61.7,62.8,81.9,79.9,56.3,63.6,53.6,73.2,61.3,50.1,0.9,-0.4,Green,Yellow,50,63.3,NDA,NDA,NDA,NDA,NDA,NDA,NDA,NDA,NDA,NDA,923,33,NDA,1166063.167,1925373.268
610321,Thurgood Marshall Middle School,MS,3900 N Lawndale Ave ,(773) 534-5200,http://schoolreports.cps.edu/SchoolProgressReport_Eng/Spring2011Eng_610321.pdf,O'Hare Elementary Network,No,Standard,Probation,Level 3,No,Weak,39,NDA,NDA,Very Weak,11,Very Weak,1,NDA,NDA,NDA,NDA,NDA,NDA,NDA,NDA,94,18.1,96,97.2,NDA,NDA,NDA,NDA,NDA,NDA,44.8,35.7,47.2,50.9,20.5,19.9,18.6,4,-1.7,-2.2,Red,Red,NDA,NDA,NDA,NDA,NDA,NDA,NDA,NDA,NDA,NDA,NDA,NDA,435,31,NDA,1150989.856,1925703.541
609820,Augustus H Burley Elementary School,ES,1630 W Barry Ave ,(773) 534-5475,http://schoolreports.cps.edu/SchoolProgressReport_Eng/Spring2011Eng_609820.pdf,Ravenswood-Ridge Elementary Network,Yes,Standard,Not on Probation,Level 1,No,Very Strong,99,NDA,NDA,Strong,78,Strong,65,NDA,NDA,NDA,NDA,Strong,59,Average,49,96.5,0.7,95,97.9,69.4,47,64.5,70.2,51.2,66.7,69.4,75,62.9,67.3,50,69.6,54.2,53.3,1.3,2.1,Green,Green,35.7,80,NDA,NDA,NDA,NDA,NDA,NDA,NDA,NDA,NDA,NDA,572,33,NDA,1164768.164,1920682.831
610083,Daniel C Beard Elementary School,ES,6445 W Strong St ,(773) 534-1228,http://schoolreports.cps.edu/SchoolProgressReport_Eng/Spring2011Eng_610083.pdf,O'Hare Elementary Network,NDA,Track_E,Not Applicable,Not Enough Data,No,NDA,,NDA,NDA,NDA,,NDA,,NDA,NDA,NDA,NDA,Strong,57,Strong,58,91.9,0,94.3,100,NDA,NDA,NDA,NDA,NDA,NDA,NDA,NDA,NDA,NDA,NDA,NDA,,,,,NDA,NDA,NDA,NDA,NDA,NDA,NDA,NDA,NDA,NDA,NDA,NDA,NDA,NDA,160,30,NDA,1132103.024,1932162.514
610159,Jonathan Y Scammon Elementary School,ES,4201 W Henderson St ,(773) 534-3475,http://schoolreports.cps.edu/SchoolProgressReport_Eng/Spring2011Eng_610159.pdf,O'Hare Elementary Network,No,Track_E,Not on Probation,Level 2,No,Average,44,NDA,NDA,Weak,21,Weak,20,NDA,NDA,NDA,NDA,Average,48,Weak,44,95.9,8,95.3,100,69.6,39.3,32.4,27.7,50.9,52.2,39.1,33,61.5,60.5,14.7,33.7,14.8,11.9,-0.6,0.2,Red,Yellow,19.4,100,NDA,NDA,NDA,NDA,NDA,NDA,NDA,NDA,NDA,NDA,937,29,NDA,1147787.325,1921900.296
609866,John C Coonley Elementary School,ES,4046 N Leavitt St ,(773) 534-5140,http://schoolreports.cps.edu/SchoolProgressReport_Eng/Spring2011Eng_609866.pdf,Ravenswood-Ridge Elementary Network,Yes,Standard,Not on Probation,Level 1,No,Very Strong,87,Very Strong,90,Strong,65,Weak,39,Strong,65,Average,56,Strong,58,Strong,55,95.9,1.4,96.5,100,90.1,52.9,72.6,66.7,61.4,65.8,64.8,64.8,53.8,63.5,27.8,50,45.3,39,-0.7,0.9,Yellow,Yellow,NDA,NDA,NDA,NDA,NDA,NDA,NDA,NDA,NDA,NDA,NDA,NDA,668,31,NDA,1160924.137,1927061.47
610182,Hannah G Solomon Elementary School,ES,6206 N Hamlin Ave ,(773) 534-5226,http://schoolreports.cps.edu/SchoolProgressReport_Eng/Spring2011Eng_610182.pdf,O'Hare Elementary Network,Yes,Standard,Not on Probation,Level 1,No,Strong,78,Very Strong,96,Strong,67,Strong,62,Strong,75,Strong,62,Average,52,Average,51,95.8,0.8,95.7,99,71.2,51.1,74.4,63.6,59.1,70,73.9,72.8,75,67.4,45.5,63.6,52.4,42.8,0.6,-0.2,Yellow,Yellow,45.5,93.3,NDA,NDA,NDA,NDA,NDA,NDA,NDA,NDA,NDA,NDA,363,31,NDA,1149868.813,1940981.795
610104,William J Onahan Elementary School,ES,6634 W Raven St ,(773) 534-1180,http://schoolreports.cps.edu/SchoolProgressReport_Eng/Spring2011Eng_610104.pdf,O'Hare Elementary Network,Yes,Standard,Not on Probation,Level 1,No,Strong,64,Average,59,Weak,29,Weak,27,Weak,32,Weak,39,Average,47,Weak,44,95.7,6.9,96.1,98.8,76.8,56.2,62.7,61.2,40.8,53.9,60.2,63.8,49.7,44.8,44,54,35.1,29.6,0.2,0,Yellow,Yellow,NDA,NDA,NDA,NDA,NDA,NDA,NDA,NDA,NDA,NDA,NDA,NDA,687,30,NDA,1131111.88,1940800.44
609974,Hawthorne Elementary Scholastic Academy,ES,3319 N Clifton Ave ,(773) 534-5550,http://schoolreports.cps.edu/SchoolProgressReport_Eng/Spring2011Eng_609974.pdf,Ravenswood-Ridge Elementary Network,Yes,Standard,Not on Probation,Level 1,Yes,Very Strong,92,Very Strong,88,Strong,61,Average,56,Very Strong,90,Very Strong,84,Strong,58,Average,52,96.9,1.2,96.5,100,85.3,56.9,82.7,83.3,58.6,62.5,89.1,87.4,65.1,62.9,79,80.6,75.1,66,1.8,2.2,Green,Green,98.4,91.8,NDA,NDA,NDA,NDA,NDA,NDA,NDA,NDA,NDA,NDA,569,33,NDA,1168069.526,1922284.759
609679,Charles Allen Prosser Career Academy High School,HS,2148 N Long Ave ,(773) 534-3200,http://schoolreports.cps.edu/SchoolProgressReport_Eng/Spring2011Eng_609679.pdf,North-Northwest Side High School Network,No,Standard,Not on Probation,Level 2,No,Average,59,Average,47,Average,53,Average,51,Weak,37,Average,44,Weak,46,Weak,45,86,9.7,94.4,99.4,NDA,NDA,NDA,NDA,NDA,NDA,NDA,NDA,NDA,NDA,NDA,NDA,,,,,NDA,NDA,NDA,NDA,15.5,15.1,16.3,16.2,0.7,17.9,1.6,27.7,78.7,58,1415,29,79.4,1139989.443,1913970.649
610515,Disney II Magnet School,ES,3815 N Kedvale Ave ,(773) 534-3750,http://schoolreports.cps.edu/SchoolProgressReport_Eng/Spring2011Eng_610515.pdf,O'Hare Elementary Network,Yes,Standard,Not on Probation,Level 1,No,NDA,,Very Strong,99,NDA,,NDA,,Strong,75,Average,53,Strong,62,Strong,58,97.3,0,96.5,100,84.6,NDA,76.5,79.4,63.4,63.7,NDA,NDA,NDA,NDA,NDA,NDA,57.8,52,0.6,2.1,Yellow,Green,NDA,NDA,NDA,NDA,NDA,NDA,NDA,NDA,NDA,NDA,NDA,NDA,363,29,NDA,1148206.405,1925121.479
610284,New Field Elementary School,ES,1707 W Morse Ave ,(773) 534-2760,http://schoolreports.cps.edu/SchoolProgressReport_Eng/Spring2011Eng_610284.pdf,Ravenswood-Ridge Elementary Network,No,Standard,Not on Probation,Level 2,No,NDA,,NDA,NDA,NDA,,NDA,,NDA,NDA,NDA,NDA,Average,51,Strong,56,96.2,3.1,95.6,99,74.2,52.7,32.1,25.2,40.4,55.9,NDA,NDA,NDA,NDA,NDA,NDA,23.2,10.9,,,NDA,NDA,NDA,NDA,NDA,NDA,NDA,NDA,NDA,NDA,NDA,NDA,NDA,NDA,696,32,NDA,1163673.054,1946078.682
609798,Hiram H Belding Elementary School,ES,4257 N Tripp Ave ,(773) 534-3590,http://schoolreports.cps.edu/SchoolProgressReport_Eng/Spring2011Eng_609798.pdf,O'Hare Elementary Network,No,Standard,Not on Probation,Level 2,No,Strong,64,Strong,63,Strong,67,Strong,69,Average,49,Average,51,Average,53,Average,52,95,21.3,96.2,98.6,80,78.6,46.2,40.4,50.3,45.7,55.6,54.6,54.5,54.2,36.8,49.1,27.3,21.4,-0.8,-0.5,Red,Yellow,46.4,57.7,NDA,NDA,NDA,NDA,NDA,NDA,NDA,NDA,NDA,NDA,672,31,NDA,1147266.366,1928184.928
610088,Wolfgang A Mozart Elementary School,ES,2200 N Hamlin Ave ,(773) 534-4160,http://schoolreports.cps.edu/SchoolProgressReport_Eng/Spring2011Eng_610088.pdf,Fullerton Elementary Network,No,Standard,Not on Probation,Level 2,No,Average,41,NDA,NDA,Average,56,Weak,32,NDA,NDA,NDA,NDA,Average,50,Strong,54,95.2,3.6,96.4,100,39.8,10.1,28.7,34.2,51.1,48.2,46.7,32.6,74.7,64,NDA,NDA,12,11,0.4,0.3,Yellow,Yellow,NDA,NDA,NDA,NDA,NDA,NDA,NDA,NDA,NDA,NDA,NDA,NDA,748,34,NDA,1150644.396,1914368.955
609766,Jacqueline B Vaughn Occupational High School,HS,4355 N Linder Ave ,(773) 534-3600,http://schoolreports.cps.edu/SchoolProgressReport_Eng/Spring2011Eng_609766.pdf,North-Northwest Side High School Network,NDA,Track_E,Not Applicable,Not Enough Data,No,Average,57,Strong,72,Weak,33,Weak,20,Strong,67,Strong,69,Strong,63,Strong,57,87.6,3.7,95.5,100,NDA,NDA,NDA,NDA,NDA,NDA,NDA,NDA,NDA,NDA,NDA,NDA,,,,,NDA,NDA,NDA,NDA,NDA,NDA,NDA,NDA,NDA,NDA,NDA,55.6,65.3,NDA,203,30,NDA,1138928.091,1928655.205
609836,Arthur E Canty Elementary School,ES,3740 N Panama Ave ,(773) 534-1238,http://schoolreports.cps.edu/SchoolProgressReport_Eng/Spring2011Eng_609836.pdf,O'Hare Elementary Network,Yes,Standard,Not on Probation,Level 1,No,Very Strong,87,Strong,64,Strong,70,Strong,64,Average,49,Average,47,Strong,66,Average,53,96.1,2.3,96.1,99.1,75.3,60.6,77.2,58.3,52.9,62,81.3,71.3,61.4,59.7,41.3,60,47.4,34.2,0.3,0.1,Yellow,Yellow,29.8,100,NDA,NDA,NDA,NDA,NDA,NDA,NDA,NDA,NDA,NDA,784,30,NDA,1121355.698,1924041.412
609976,Stephen K Hayt Elementary School,ES,1518 W Granville Ave ,(773) 534-2040,http://schoolreports.cps.edu/SchoolProgressReport_Eng/Spring2011Eng_609976.pdf,Ravenswood-Ridge Elementary Network,No,Standard,Not on Probation,Level 1,No,Strong,72,Strong,61,Average,52,Average,44,Average,48,Strong,66,NDA,NDA,NDA,NDA,95.6,55.6,96,99.3,78.2,59.2,50.8,46.9,56.9,66.5,55.5,46.3,61.5,57.5,26.7,39.5,28.6,23.2,0.3,0.1,Yellow,Yellow,NDA,NDA,NDA,NDA,NDA,NDA,NDA,NDA,NDA,NDA,NDA,NDA,1000,32,NDA,1164969.802,1941312.085
609988,Patrick Henry Elementary School,ES,4250 N Saint Louis Ave ,(773) 534-5060,http://schoolreports.cps.edu/SchoolProgressReport_Eng/Spring2011Eng_609988.pdf,O'Hare Elementary Network,No,Standard,Not on Probation,Level 1,No,Average,45,Average,56,Average,46,Average,43,Strong,68,Average,45,Average,52,Average,49,95.1,4.3,95.9,100,56.6,35.5,42.1,38.1,68.2,61.3,30.4,48.2,44.6,75,NDA,NDA,12.5,12.3,0.6,1,Yellow,Green,NDA,NDA,NDA,NDA,NDA,NDA,NDA,NDA,NDA,NDA,NDA,NDA,650,31,NDA,1152247.412,1928240.998
610068,Hanson Park Elementary School,ES,5411 W Fullerton Ave ,(773) 534-3100,http://schoolreports.cps.edu/SchoolProgressReport_Eng/Spring2011Eng_610068.pdf,Fullerton Elementary Network,No,Standard,Not on Probation,Level 2,No,Weak,35,NDA,NDA,Weak,34,Weak,33,NDA,NDA,NDA,NDA,Average,50,Average,47,95,24.4,94.9,100,48.5,42.6,31,20.6,45.9,51.5,42,29.2,50.7,41.2,12.4,22.1,14.4,11,-0.8,-0.5,Red,Yellow,14,88.2,NDA,NDA,NDA,NDA,NDA,NDA,NDA,NDA,NDA,NDA,1499,29,NDA,1139861.158,1915387.949
610363,Walt Disney Magnet Elementary School,ES,4140 N Marine Dr ,(773) 534-5840,http://schoolreports.cps.edu/SchoolProgressReport_Eng/Spring2011Eng_610363.pdf,Ravenswood-Ridge Elementary Network,No,Standard,Not on Probation,Level 1,No,NDA,,NDA,NDA,NDA,,NDA,,NDA,NDA,NDA,NDA,NDA,NDA,NDA,NDA,96.4,7.7,96.4,100,NDA,53.8,63.9,64.9,54.7,64.1,72.8,69.6,59.9,51,38.7,53.3,46,35.7,0.4,0.6,Green,Green,20,74.1,NDA,NDA,NDA,NDA,NDA,NDA,NDA,NDA,NDA,NDA,1651,32,NDA,1171170.774,1927599.86
610097,William P Nixon Elementary School,ES,2121 N Keeler Ave ,(773) 534-4375,http://schoolreports.cps.edu/SchoolProgressReport_Eng/Spring2011Eng_610097.pdf,Fullerton Elementary Network,No,Standard,Not on Probation,Level 2,No,Average,52,NDA,NDA,Strong,70,Strong,62,NDA,NDA,NDA,NDA,Weak,46,Average,47,95.6,3.5,95.8,100,66.9,25,31.8,27.8,52.4,57.3,35.5,20.7,57,50,NDA,NDA,11.2,9.6,-0.1,-0.2,Yellow,Yellow,NDA,NDA,NDA,NDA,NDA,NDA,NDA,NDA,NDA,NDA,NDA,NDA,1061,34,NDA,1148073.735,1913864.663
609918,Eugene Field Elementary School,ES,7019 N Ashland Ave ,(773) 534-2030,http://schoolreports.cps.edu/SchoolProgressReport_Eng/Spring2011Eng_609918.pdf,Ravenswood-Ridge Elementary Network,No,Standard,Not on Probation,Level 2,No,Average,42,Weak,33,Average,47,Weak,37,Weak,21,Very Weak,8,Weak,44,Average,53,96.8,10,96.7,100,NDA,NDA,23.9,24.3,49.4,51.4,48.4,36.4,70.3,53.2,7.4,13,9.8,7.9,-0.2,0.1,Yellow,Yellow,45.6,20,NDA,NDA,NDA,NDA,NDA,NDA,NDA,NDA,NDA,NDA,375,32,NDA,1164539.561,1946810.338
610201,Ole A Thorp Elementary Scholastic Academy,ES,6024 W Warwick Ave ,(773) 534-3640,http://schoolreports.cps.edu/SchoolProgressReport_Eng/Spring2011Eng_610201.pdf,O'Hare Elementary Network,No,Standard,Not on Probation,Level 1,No,Strong,70,Strong,61,Average,47,Average,40,Average,47,Average,57,Average,50,Average,50,96.4,25.8,95.8,100,80.6,62.3,62.3,65,56.8,55.9,73.9,66.5,64.8,61.5,46.8,58.5,48.8,38.7,0.8,-0.5,Green,Yellow,33.7,100,NDA,NDA,NDA,NDA,NDA,NDA,NDA,NDA,NDA,NDA,834,30,NDA,1135416.207,1924349.243
610163,Frederick Stock Elementary School,ES,7507 W Birchwood Ave ,(773) 534-1215,http://schoolreports.cps.edu/SchoolProgressReport_Eng/Spring2011Eng_610163.pdf,O'Hare Elementary Network,NDA,Standard,NDA,NDA,No,NDA,,Very Strong,99,NDA,,NDA,,Very Strong,84,Very Strong,81,Strong,69,Strong,63,72.4,0,95.7,100,NDA,NDA,NDA,NDA,NDA,NDA,NDA,NDA,NDA,NDA,NDA,NDA,,,,,NDA,NDA,NDA,NDA,NDA,NDA,NDA,NDA,NDA,NDA,NDA,NDA,NDA,NDA,260,30,NDA,1125318.193,1949163.026
610135,Portage Park Elementary School,ES,5330 W Berteau Ave ,(773) 534-3576,http://schoolreports.cps.edu/SchoolProgressReport_Eng/Spring2011Eng_610135.pdf,O'Hare Elementary Network,No,Standard,Not on Probation,Level 2,No,Strong,62,NDA,NDA,Average,46,Weak,32,NDA,NDA,NDA,NDA,Average,48,Average,53,94.2,3.7,95.9,100,67.3,33.8,53.7,41.6,45.9,61.1,62.8,55.3,51.2,44.1,27.1,37.4,22.9,21.1,-0.2,0.8,Yellow,Green,22,66.7,NDA,NDA,NDA,NDA,NDA,NDA,NDA,NDA,NDA,NDA,1139,30,NDA,1139920.815,1927445.996
610012,Edward Jenner Elementary Academy of the Arts,ES,1119 N Cleveland Ave ,(773) 534-8440,http://schoolreports.cps.edu/SchoolProgressReport_Eng/Spring2011Eng_610012.pdf,Fullerton Elementary Network,No,Track_E,Probation,Level 3,No,Average,50,Weak,34,Strong,62,Average,41,Weak,20,Weak,26,Average,49,Average,53,88.9,16,94.8,98.7,34.8,21.3,21.9,10.7,42.3,57.7,37.1,14.5,69.4,46.7,4.3,25.5,8.2,1.3,2,0.2,Green,Yellow,45.8,31.8,NDA,NDA,NDA,NDA,NDA,NDA,NDA,NDA,NDA,NDA,314,33,NDA,1172718.668,1907660.339
610325,Logandale Middle School,MS,3212 W George St ,(773) 534-5350,http://schoolreports.cps.edu/SchoolProgressReport_Eng/Spring2011Eng_610325.pdf,Fullerton Elementary Network,No,Standard,Not on Probation,Level 2,No,Average,56,NDA,NDA,Weak,32,Weak,28,NDA,NDA,NDA,NDA,Average,50,Average,51,95.1,5.1,95.6,100,NDA,NDA,NDA,NDA,NDA,NDA,39.1,31,56.9,55.1,20,22.6,11.6,7.8,-0.6,-0.3,Yellow,Yellow,34.8,37.5,NDA,NDA,NDA,NDA,NDA,NDA,NDA,NDA,NDA,NDA,941,29,NDA,1154387.612,1919159.019
610250,Rueben Salazar Elementary Bilingual Center,ES,160 W Wendell St ,(773) 534-8310,http://schoolreports.cps.edu/SchoolProgressReport_Eng/Spring2011Eng_610250.pdf,Fullerton Elementary Network,No,Track_E,Not on Probation,Level 2,No,Strong,64,NDA,NDA,Average,54,Average,53,NDA,NDA,NDA,NDA,Average,52,Average,47,95.1,44.6,95.8,100,68.3,33.1,61.7,50.8,53.3,75.7,43.6,60.2,54.3,65.6,22.6,64.5,20.5,15.5,0.9,0.3,Green,Yellow,NDA,NDA,NDA,NDA,NDA,NDA,NDA,NDA,NDA,NDA,NDA,NDA,444,33,NDA,1174702.288,1907452.819
610541,Federico Garcia Lorca Elementary School,ES,3231 N Springfield Ave ,(773) 534-0950,http://schoolreports.cps.edu/SchoolProgressReport_Eng/Spring2011Eng_610541.pdf,Fullerton Elementary Network,No,Standard,Not on Probation,Not Enough Data,No,Average,53,Average,58,Average,53,Average,58,Strong,74,Very Strong,82,Average,51,Strong,59,96.8,43.8,0,100,63,41.7,39.1,25.6,51.5,63.8,37.8,27.3,72.2,52.3,7.7,25,8.9,7.5,-1,-0.1,Red,Yellow,39.4,42.3,NDA,NDA,NDA,NDA,NDA,NDA,NDA,NDA,NDA,NDA,860,29,NDA,1149828.059,1921320.477
609949,William P Gray Elementary School,ES,3730 N Laramie Ave ,(773) 534-3520,http://schoolreports.cps.edu/SchoolProgressReport_Eng/Spring2011Eng_609949.pdf,O'Hare Elementary Network,No,Standard,Not on Probation,Level 1,No,Average,57,NDA,NDA,Average,44,Weak,35,NDA,NDA,NDA,NDA,Average,47,Average,50,95.6,5.9,95.9,99.4,74.1,NDA,53.5,51.4,69.1,77.5,43,53.5,61,70.1,16.3,28.7,26.1,19.4,0.5,0.9,Green,Green,46.1,34.9,NDA,NDA,NDA,NDA,NDA,NDA,NDA,NDA,NDA,NDA,1345,29,NDA,1140988.981,1924452.515
610040,Henry D Lloyd Elementary School,ES,2103 N Lamon Ave ,(773) 534-3070,http://schoolreports.cps.edu/SchoolProgressReport_Eng/Spring2011Eng_610040.pdf,Fullerton Elementary Network,No,Track_E,Probation,Level 3,No,NDA,,NDA,NDA,NDA,,NDA,,NDA,NDA,NDA,NDA,Average,48,Average,51,96.2,0,97.2,97,NDA,32.9,34.1,18.3,46.5,53.3,NDA,NDA,NDA,NDA,NDA,NDA,23.5,10.5,-0.8,-0.3,Red,Yellow,NDA,NDA,NDA,NDA,NDA,NDA,NDA,NDA,NDA,NDA,NDA,NDA,1334,29,NDA,1143423.139,1913554.359
610127,Mary Gage Peterson Elementary School,ES,5510 N Christiana Ave ,(773) 534-5070,http://schoolreports.cps.edu/SchoolProgressReport_Eng/Spring2011Eng_610127.pdf,O'Hare Elementary Network,No,Standard,Not on Probation,Level 1,No,Strong,62,NDA,NDA,Average,49,Average,58,NDA,NDA,NDA,NDA,Average,51,Average,48,95.5,10.3,96.7,100,72.7,37.7,53.1,47.1,51.6,52.1,59.7,52.2,49.2,51.9,34,44.7,35.5,27.5,-0.3,0,Yellow,Yellow,33.3,83.3,NDA,NDA,NDA,NDA,NDA,NDA,NDA,NDA,NDA,NDA,860,31,NDA,1153016.828,1936489.312
610095,Walter L Newberry Math & Science Academy Elementary School,ES,700 W Willow St ,(773) 534-8000,http://schoolreports.cps.edu/SchoolProgressReport_Eng/Spring2011Eng_610095.pdf,Fullerton Elementary Network,Yes,Standard,Not on Probation,Level 1,No,Strong,71,Strong,74,Average,52,Strong,66,Average,41,Average,44,Strong,54,Average,47,95.1,2.1,96.3,100,NDA,NDA,70.2,61.5,57.5,66.9,68,65.5,61.1,59.3,40.3,43.5,46.2,35.9,1,1.3,Green,Green,NDA,NDA,NDA,NDA,NDA,NDA,NDA,NDA,NDA,NDA,NDA,NDA,558,33,NDA,1171323.787,1911991.711
609865,Jordan Elementary Community School,ES,7414 N Wolcott Ave ,(773) 534-2220,http://schoolreports.cps.edu/SchoolProgressReport_Eng/Spring2011Eng_609865.pdf,Ravenswood-Ridge Elementary Network,No,Standard,Not on Probation,Level 2,No,Strong,61,Weak,31,Average,57,Average,49,Very Weak,17,Very Weak,15,Average,52,Average,51,95.6,16.4,95.1,100,60.1,42,36,21.1,41.4,54.1,26.3,19.1,43.2,34.7,4.8,15.9,16.9,7.1,0.3,-1.2,Yellow,Red,37.7,23.1,NDA,NDA,NDA,NDA,NDA,NDA,NDA,NDA,NDA,NDA,753,32,NDA,1162385.224,1949501.716
610196,George B Swift Elementary Specialty School,ES,5900 N Winthrop Ave ,(773) 534-2695,http://schoolreports.cps.edu/SchoolProgressReport_Eng/Spring2011Eng_610196.pdf,Ravenswood-Ridge Elementary Network,No,Standard,Not on Probation,Level 2,No,Strong,61,Average,53,Strong,62,Strong,60,Strong,61,Average,59,Average,49,Strong,54,96.3,6,95.8,98.8,69.2,50.4,49.4,33.9,55.5,63.3,52.9,36.3,58.2,51.2,23.9,23.9,25.4,16.2,-0.8,1.1,Red,Green,NDA,NDA,NDA,NDA,NDA,NDA,NDA,NDA,NDA,NDA,NDA,NDA,709,32,NDA,1167755.176,1939362.027
609792,Newton Bateman Elementary School,ES,4220 N Richmond St ,(773) 534-5055,http://schoolreports.cps.edu/SchoolProgressReport_Eng/Spring2011Eng_609792.pdf,O'Hare Elementary Network,No,Standard,Not on Probation,Level 2,No,Average,55,Weak,36,Average,50,Average,47,Weak,25,Weak,34,Average,52,Average,52,96.2,0.2,96.7,99.1,68,33.4,35.8,36.6,54.2,49.6,52.6,47.1,65.1,57.6,12.5,34.5,21.7,16.1,-0.8,-0.1,Red,Yellow,27.4,67.7,NDA,NDA,NDA,NDA,NDA,NDA,NDA,NDA,NDA,NDA,1015,31,NDA,1155915.849,1928001.212
610144,Frank W Reilly Elementary School,ES,3650 W School St ,(773) 534-5250,http://schoolreports.cps.edu/SchoolProgressReport_Eng/Spring2011Eng_610144.pdf,Fullerton Elementary Network,No,Standard,Probation,Level 2,No,Average,48,NDA,NDA,Weak,33,Weak,34,NDA,NDA,NDA,NDA,Average,48,Average,51,97,8.7,96.7,100,77.8,40.1,39.5,27,63.2,62.7,48.7,33.2,62.7,59.2,11.6,30.3,15.5,9.8,0.2,0.5,Yellow,Yellow,22.5,69,NDA,NDA,NDA,NDA,NDA,NDA,NDA,NDA,NDA,NDA,1195,29,NDA,1151243.469,1921732.413
610524,Alcott High School for the Humanities,HS,2957 N Hoyne Ave ,(773) 534-5979,http://schoolreports.cps.edu/SchoolProgressReport_Eng/Spring2011Eng_610524.pdf,North-Northwest Side High School Network,NDA,Standard,Not on Probation,Not Enough Data,No,Strong,70,NDA,NDA,Strong,67,Average,51,NDA,NDA,NDA,NDA,Strong,57,Weak,43,92.7,7.1,96.9,100,NDA,NDA,NDA,NDA,NDA,NDA,NDA,NDA,NDA,NDA,NDA,NDA,,,,,NDA,NDA,NDA,NDA,14.7,13.7,NDA,16,1.3,NDA,NDA,NDA,NDA,NDA,232,33,87.6,1161870.556,1919857.44
609875,Charles R Darwin Elementary School,ES,3116 W Belden Ave ,(773) 534-4110,http://schoolreports.cps.edu/SchoolProgressReport_Eng/Spring2011Eng_609875.pdf,Fullerton Elementary Network,No,Standard,Not on Probation,Level 2,No,Average,58,Average,40,Average,44,Weak,34,Weak,31,Average,46,Average,49,Strong,54,95.6,33.8,96.2,100,50.3,35.6,37.7,33.5,59.6,68.5,29.6,36.1,60.6,51.2,16.7,19.2,16,6.9,-0.2,-0.8,Yellow,Red,21,50,NDA,NDA,NDA,NDA,NDA,NDA,NDA,NDA,NDA,NDA,622,35,NDA,1155126.902,1915284.203
609901,Edgebrook Elementary School,ES,6525 N Hiawatha Ave ,(773) 534-1194,http://schoolreports.cps.edu/SchoolProgressReport_Eng/Spring2011Eng_609901.pdf,O'Hare Elementary Network,Yes,Standard,Not on Probation,Level 1,No,Very Strong,99,Very Strong,99,Average,51,Average,53,Strong,66,Strong,70,Strong,56,Weak,39,96.9,3.4,96.6,100,96.3,47.6,88.1,74.1,55.2,75.2,80,79.1,54.5,60,50,71.4,60.2,56.8,0,0.5,Yellow,Yellow,83.3,64,NDA,NDA,NDA,NDA,NDA,NDA,NDA,NDA,NDA,NDA,468,30,NDA,1139595.896,1942911.685
610145,Peter A Reinberg Elementary School,ES,3425 N Major Ave ,(773) 534-3465,http://schoolreports.cps.edu/SchoolProgressReport_Eng/Spring2011Eng_610145.pdf,O'Hare Elementary Network,No,Standard,Not on Probation,Level 1,No,Strong,60,Average,51,Weak,35,Weak,30,Strong,60,Average,54,Average,47,Weak,45,95.8,8.2,95.7,99.5,70.9,46.3,50.6,39.6,51.3,66,45,39.1,56.3,49.6,19.8,25.7,24,14.7,-0.3,0.5,Yellow,Yellow,25,80.8,NDA,NDA,NDA,NDA,NDA,NDA,NDA,NDA,NDA,NDA,832,30,NDA,1137794.92,1922326.021
610101,William B Ogden Elementary School,ES,24 W Walton St ,(773) 534-8110,http://schoolreports.cps.edu/SchoolProgressReport_Eng/Spring2011Eng_610101.pdf,Fullerton Elementary Network,No,Standard,Not on Probation,Level 2,No,NDA,,NDA,NDA,NDA,,NDA,,NDA,NDA,NDA,NDA,NDA,NDA,NDA,NDA,95.1,4.5,97,100,40,NDA,67.3,61.3,57.8,66.8,NDA,NDA,NDA,NDA,NDA,NDA,40.8,39.9,0.3,0.5,Yellow,Yellow,NDA,NDA,NDA,NDA,NDA,NDA,NDA,NDA,NDA,NDA,NDA,NDA,722,33,NDA,1175917.983,1906947.859
610340,Chicago Academy High School,HS,3400 N Austin Ave ,(773) 534-0146,http://schoolreports.cps.edu/SchoolProgressReport_Eng/Spring2011Eng_610340.pdf,AUSL Schools,No,Standard,Not on Probation,Level 2,No,Average,58,Weak,35,Average,57,Average,53,Average,56,Average,57,NDA,NDA,NDA,NDA,93.1,6.3,96.1,97.1,NDA,NDA,NDA,NDA,NDA,NDA,NDA,NDA,NDA,NDA,NDA,NDA,,,,,NDA,NDA,NDA,NDA,14.6,14.4,16.3,16.1,1.5,18.4,2.1,23.9,70.1,64.2,502,30,80.6,1135740.091,1922002.941
609874,Everett McKinley Dirksen Elementary School,ES,8601 W Foster Ave ,(773) 534-1090,http://schoolreports.cps.edu/SchoolProgressReport_Eng/Spring2011Eng_609874.pdf,O'Hare Elementary Network,No,Track_E,Not on Probation,Level 1,No,Average,44,NDA,NDA,Very Weak,12,Very Weak,1,NDA,NDA,NDA,NDA,NDA,NDA,NDA,NDA,95.9,2.7,96.2,93.8,69.9,45.8,65.1,56.9,55.5,55.2,51.9,45.1,45.6,40.7,22.5,35.2,32.8,25.5,-0.5,-0.1,Yellow,Yellow,6.2,NDA,NDA,NDA,NDA,NDA,NDA,NDA,NDA,NDA,NDA,NDA,786,30,NDA,1118113.731,1933386.151
609937,John W Garvy Elementary School,ES,5225 N Oak Park Ave ,(773) 534-1185,http://schoolreports.cps.edu/SchoolProgressReport_Eng/Spring2011Eng_609937.pdf,O'Hare Elementary Network,No,Standard,Not on Probation,Level 1,No,Strong,60,Strong,70,Average,50,Average,51,Average,51,Average,55,Strong,56,Average,49,95.3,10.2,96.5,97.3,83.4,43.6,63.9,57.8,58.1,63.9,60.6,59.4,51.4,55.3,38.4,49.3,34.4,33.5,-0.1,0.2,Yellow,Yellow,44.6,45.5,NDA,NDA,NDA,NDA,NDA,NDA,NDA,NDA,NDA,NDA,720,30,NDA,1130304.414,1934430.694
609744,Northside Learning Center High School,HS,3730 W Bryn Mawr Ave ,(773) 534-5180,http://schoolreports.cps.edu/SchoolProgressReport_Eng/Spring2011Eng_609744.pdf,North-Northwest Side High School Network,NDA,Standard,Not Applicable,Not Enough Data,No,Very Strong,99,Very Strong,99,Very Strong,81,Weak,34,Strong,75,Very Strong,84,Strong,62,Strong,59,89.8,5.3,95.6,100,NDA,NDA,NDA,NDA,NDA,NDA,NDA,NDA,NDA,NDA,NDA,NDA,,,,,NDA,NDA,NDA,NDA,NDA,NDA,NDA,NDA,NDA,NDA,NDA,66.7,0,NDA,298,31,NDA,1150357.037,1936987.496
609810,Norman A Bridge Elementary School,ES,3800 N New England Ave ,(773) 534-3718,http://schoolreports.cps.edu/SchoolProgressReport_Eng/Spring2011Eng_609810.pdf,O'Hare Elementary Network,No,Standard,Not on Probation,Level 2,No,Strong,67,NDA,NDA,Average,49,Weak,35,NDA,NDA,NDA,NDA,Average,51,Average,48,95.6,6.6,96.6,98.4,73,43,56.5,45.8,55.9,74,NDA,NDA,NDA,NDA,33,38.6,27.8,18.9,-0.3,-0.9,Yellow,Red,NDA,NDA,NDA,NDA,NDA,NDA,NDA,NDA,NDA,NDA,NDA,NDA,1004,30,NDA,1129684.056,1924513.932
610048,George Manierre Elementary School,ES,1420 N Hudson Ave ,(773) 534-8456,http://schoolreports.cps.edu/SchoolProgressReport_Eng/Spring2011Eng_610048.pdf,Fullerton Elementary Network,No,Standard,Probation,Level 3,No,Average,43,NDA,NDA,Average,49,Average,40,NDA,NDA,NDA,NDA,Weak,42,Weak,44,91,44,94.8,100,44.4,NDA,23.7,13.9,44.5,52.8,26.5,17.1,49.1,41.7,0,11.1,4.6,4.7,-1.1,-1.2,Red,Red,NDA,NDA,NDA,NDA,NDA,NDA,NDA,NDA,NDA,NDA,NDA,NDA,396,33,NDA,1173014.972,1909920.568
610059,Oscar F Mayer Elementary School,ES,2250 N Clifton Ave ,(773) 534-5535,http://schoolreports.cps.edu/SchoolProgressReport_Eng/Spring2011Eng_610059.pdf,Fullerton Elementary Network,No,Standard,Not on Probation,Level 2,No,Strong,67,NDA,NDA,Weak,35,Average,46,NDA,NDA,NDA,NDA,NDA,NDA,NDA,NDA,95,11.4,95.2,100,79.6,NDA,47.9,36.8,53.1,59.8,26.9,37.4,37.8,46.8,16.4,32.7,18.1,17,-0.6,0.1,Red,Yellow,NDA,NDA,NDA,NDA,NDA,NDA,NDA,NDA,NDA,NDA,NDA,NDA,605,33,NDA,1168219.452,1915320.55
610033,LaSalle Elementary Language Academy,ES,1734 N Orleans St ,(773) 534-8470,http://schoolreports.cps.edu/SchoolProgressReport_Eng/Spring2011Eng_610033.pdf,Fullerton Elementary Network,Yes,Standard,Not on Probation,Level 1,No,Very Strong,99,Strong,79,Strong,62,Average,52,Weak,39,Average,43,Average,53,Average,48,96.8,7,97.6,100,86,47.4,81.4,78.3,67.7,76.4,79.2,84.7,73.2,76.5,61,71.2,55.5,49.5,0.3,-0.3,Yellow,Yellow,NDA,NDA,NDA,NDA,NDA,NDA,NDA,NDA,NDA,NDA,NDA,NDA,576,33,NDA,1173614.17,1911976.635
609859,DeWitt Clinton Elementary School,ES,6110 N Fairfield Ave ,(773) 534-2025,http://schoolreports.cps.edu/SchoolProgressReport_Eng/Spring2011Eng_609859.pdf,Ravenswood-Ridge Elementary Network,No,Standard,Not on Probation,Level 1,No,Average,47,Average,41,Average,47,Average,52,Average,41,Weak,36,NDA,NDA,NDA,NDA,95.3,14.8,95.4,100,68.8,44.9,45.8,40.1,55.6,63.7,64.7,39.7,70.6,54.2,24.3,25.2,33.5,21.8,0.6,-0.5,Green,Yellow,23.6,46.7,NDA,NDA,NDA,NDA,NDA,NDA,NDA,NDA,NDA,NDA,1139,32,NDA,1156854.125,1940520.212
609912,James B Farnsworth Elementary School,ES,5414 N Linder Ave ,(773) 534-3535,http://schoolreports.cps.edu/SchoolProgressReport_Eng/Spring2011Eng_609912.pdf,O'Hare Elementary Network,No,Track_E,Not on Probation,Level 2,No,Average,55,Strong,62,Average,40,Weak,38,Strong,63,Average,59,Strong,55,Average,50,94.2,1.7,95.6,100,68.4,33.1,50.3,60.8,62.7,55,52.1,57.6,59.2,60.4,30.2,41.8,30.7,25.6,1,0.3,Green,Yellow,NDA,NDA,NDA,NDA,NDA,NDA,NDA,NDA,NDA,NDA,NDA,NDA,574,30,NDA,1138478.05,1935743.025
610111,John Palmer Elementary School,ES,5051 N Kenneth Ave ,(773) 534-3704,http://schoolreports.cps.edu/SchoolProgressReport_Eng/Spring2011Eng_610111.pdf,O'Hare Elementary Network,No,Standard,Not on Probation,Level 2,No,Strong,75,NDA,NDA,Strong,61,Strong,68,NDA,NDA,NDA,NDA,Strong,65,Strong,61,96.3,12.8,94.8,99.2,72.2,42.4,47.7,38,58.9,58.5,48.9,45.3,52.5,57.3,24.8,37.6,25.3,15.1,0.5,0.3,Green,Yellow,26.5,74.2,NDA,NDA,NDA,NDA,NDA,NDA,NDA,NDA,NDA,NDA,919,31,NDA,1145817.577,1933407.476
609774,Louisa May Alcott Elementary School,ES,2625 N Orchard St ,(773) 534-5460,http://schoolreports.cps.edu/SchoolProgressReport_Eng/Spring2011Eng_609774.pdf,Fullerton Elementary Network,Yes,Standard,Not on Probation,Level 1,No,NDA,,Strong,66,NDA,,NDA,,Average,56,Average,57,Strong,60,Weak,41,96.6,3.7,97.1,93.2,85.1,75.1,72.6,76.9,56.4,55.2,73.1,70.7,69.2,59.8,43.5,47.8,52.6,46.1,0.4,0.3,Yellow,Yellow,50,73.9,NDA,NDA,NDA,NDA,NDA,NDA,NDA,NDA,NDA,NDA,481,35,NDA,1171189.134,1917774.756
610089,John B Murphy Elementary School,ES,3539 W Grace St ,(773) 534-5223,http://schoolreports.cps.edu/SchoolProgressReport_Eng/Spring2011Eng_610089.pdf,O'Hare Elementary Network,No,Standard,Not on Probation,Level 1,No,Very Strong,80,NDA,NDA,Strong,75,Average,59,NDA,NDA,NDA,NDA,Strong,58,Strong,54,95.6,1.9,96.3,100,61.3,NDA,43.4,30.5,40.6,45.9,64.3,44.8,46.7,40.7,NDA,NDA,22,20.7,-0.5,-0.1,Yellow,Yellow,NDA,NDA,NDA,NDA,NDA,NDA,NDA,NDA,NDA,NDA,NDA,NDA,638,31,NDA,1151954.94,1924991.364
610155,Sauganash Elementary School,ES,6040 N Kilpatrick Ave ,(773) 534-3470,http://schoolreports.cps.edu/SchoolProgressReport_Eng/Spring2011Eng_610155.pdf,O'Hare Elementary Network,Yes,Standard,Not on Probation,Level 1,No,Very Strong,99,NDA,NDA,Strong,76,Strong,61,NDA,NDA,NDA,NDA,NDA,NDA,NDA,NDA,96.3,1.5,95.4,92.9,85.6,50.4,68.5,75.7,66.9,70.2,81.4,80.1,58.7,57.8,57.1,69.6,49.1,34.5,2.2,0.3,Green,Yellow,35.7,78.9,NDA,NDA,NDA,NDA,NDA,NDA,NDA,NDA,NDA,NDA,549,31,NDA,1143919.392,1939921.031
610230,Wildwood Elementary School,ES,6950 N Hiawatha Ave ,(773) 534-1188,http://schoolreports.cps.edu/SchoolProgressReport_Eng/Spring2011Eng_610230.pdf,O'Hare Elementary Network,Yes,Standard,Not on Probation,Level 1,No,Very Strong,99,Very Strong,90,Strong,77,Strong,67,Average,55,Average,45,Strong,55,Weak,37,96.2,1,95.7,92.3,88.8,NDA,71.5,67.2,47.4,59.9,79.5,79.5,82,63.9,50.9,68.4,52.9,33.2,0.7,-0.4,Green,Yellow,22.8,84.6,NDA,NDA,NDA,NDA,NDA,NDA,NDA,NDA,NDA,NDA,414,30,NDA,1135078.471,1945800.949
609733,Roger C Sullivan High School,HS,6631 N Bosworth Ave ,(773) 534-2000,http://schoolreports.cps.edu/SchoolProgressReport_Eng/Spring2011Eng_609733.pdf,North-Northwest Side High School Network,No,Standard,Probation,Level 3,No,Weak,30,Average,44,Weak,34,Weak,34,Average,42,Weak,33,Weak,44,Weak,45,81.6,14.7,95.8,94.4,NDA,NDA,NDA,NDA,NDA,NDA,NDA,NDA,NDA,NDA,NDA,NDA,,,,,NDA,NDA,NDA,NDA,12.6,13.2,13.8,13.5,0.9,15.4,1.6,14.8,39.3,52.1,826,32,68.6,1164774.883,1944269.292
610010,Friedrich Ludwig Jahn Elementary School,ES,3149 N Wolcott Ave ,(773) 534-5500,http://schoolreports.cps.edu/SchoolProgressReport_Eng/Spring2011Eng_610010.pdf,Ravenswood-Ridge Elementary Network,No,Standard,Not on Probation,Level 2,No,Strong,72,NDA,NDA,Strong,60,Average,59,NDA,NDA,NDA,NDA,Average,50,Weak,46,94.7,19.9,94.7,100,59.4,36.2,41.4,40.6,47.9,48.9,30.2,45.5,40.6,58.7,13.5,32.4,23.9,15.2,0.3,0,Yellow,Yellow,NDA,NDA,NDA,NDA,NDA,NDA,NDA,NDA,NDA,NDA,NDA,NDA,495,33,NDA,1163153.671,1921136.53
610138,Pulaski International Academy Elmentary School,ES,2230 W McLean Ave ,(773) 534-4391,http://schoolreports.cps.edu/SchoolProgressReport_Eng/Spring2011Eng_610138.pdf,Fullerton Elementary Network,No,Standard,Not on Probation,Level 1,No,Strong,68,Average,45,Average,54,Average,57,Weak,26,Weak,23,Average,47,Average,47,96.1,1.7,96.2,100,75.2,48.5,38.3,38.5,54.5,58.3,56.7,46,71.1,56.7,33.3,44,24.2,19.4,0.5,1.2,Green,Green,37.3,53.3,NDA,NDA,NDA,NDA,NDA,NDA,NDA,NDA,NDA,NDA,864,35,NDA,1161026.753,1913565.719
609794,Thomas A Edison Regional Gifted Center Elementary School,ES,4929 N Sawyer Ave ,(773) 534-0540,http://schoolreports.cps.edu/SchoolProgressReport_Eng/Spring2011Eng_609794.pdf,O'Hare Elementary Network,Yes,Standard,Not on Probation,Level 1,No,Very Strong,91,NDA,NDA,Strong,64,Average,56,NDA,NDA,NDA,NDA,Strong,55,Strong,57,96.6,1.9,96.3,100,NDA,NDA,92,97.8,52.8,57.6,93.1,98.9,55.2,60.4,80,96.7,79,88.4,1.8,1.6,Green,Green,31.8,78.6,NDA,NDA,NDA,NDA,NDA,NDA,NDA,NDA,NDA,NDA,269,31,NDA,1153858.196,1932691.891
610046,Mary Lyon Elementary School,ES,2941 N McVicker Ave ,(773) 534-3120,http://schoolreports.cps.edu/SchoolProgressReport_Eng/Spring2011Eng_610046.pdf,Fullerton Elementary Network,No,Standard,Not on Probation,Level 2,No,Average,55,NDA,NDA,Average,42,Weak,38,NDA,NDA,NDA,NDA,Weak,45,Average,51,95.9,3.7,97,99.3,72,NDA,42.9,51.1,68.1,70.2,61.6,59,62.9,55.6,37.6,36.4,29.5,23.7,-0.3,0.4,Yellow,Yellow,24.3,100,NDA,NDA,NDA,NDA,NDA,NDA,NDA,NDA,NDA,NDA,1423,30,NDA,1135587.211,1919095.574
610533,Dr Jorge Prieto Math and Science,ES,2231 N Central Ave ,(773) 534-0210,http://schoolreports.cps.edu/SchoolProgressReport_Eng/Spring2011Eng_610533.pdf,Fullerton Elementary Network,No,Standard,Not on Probation,Not Enough Data,No,NDA,,NDA,NDA,NDA,,NDA,,NDA,NDA,NDA,NDA,Average,52,Strong,58,94.7,7,96.9,100,48.4,19.5,33.8,19.9,43.1,55,44.2,30,56.9,47.8,12.1,28.9,14.6,8.6,-0.7,-0.7,Red,Red,17.5,52.9,NDA,NDA,NDA,NDA,NDA,NDA,NDA,NDA,NDA,NDA,1001,29,NDA,1138718.257,1914429.033
609716,Kelvyn Park High School,HS,4343 W Wrightwood Ave ,(773) 534-4200,http://schoolreports.cps.edu/SchoolProgressReport_Eng/Spring2011Eng_609716.pdf,North-Northwest Side High School Network,No,Standard,Probation,Level 3,No,Weak,32,Weak,28,Weak,32,Weak,28,Very Weak,19,Average,43,NDA,NDA,NDA,NDA,74.4,12.9,94.5,99.5,NDA,NDA,NDA,NDA,NDA,NDA,NDA,NDA,NDA,NDA,NDA,NDA,,,,,NDA,NDA,NDA,NDA,12.8,12.2,13.8,13.8,1,14.9,1.1,16.7,54.1,35,1252,29,56.9,1146795.845,1916879.493
610041,Josephine C Locke Elementary School,ES,2828 N Oak Park Ave ,(773) 534-3300,http://schoolreports.cps.edu/SchoolProgressReport_Eng/Spring2011Eng_610041.pdf,Fullerton Elementary Network,No,Standard,Not on Probation,Level 1,No,Average,57,Average,47,Average,49,Average,56,Average,44,Average,45,Average,47,Average,50,95.5,2.2,95.1,100,63.4,39.5,36.1,30.5,55.3,63,58.7,46,64,70.5,26.1,33.8,21.1,15.6,0.7,1.7,Green,Green,23.9,45.5,NDA,NDA,NDA,NDA,NDA,NDA,NDA,NDA,NDA,NDA,1317,29,NDA,1130557.942,1918183.07
610122,Helen Peirce International Studies Elementary School,ES,1423 W Bryn Mawr Ave ,(773) 534-2440,http://schoolreports.cps.edu/SchoolProgressReport_Eng/Spring2011Eng_610122.pdf,Ravenswood-Ridge Elementary Network,No,Standard,Not on Probation,Level 2,No,Average,58,NDA,NDA,Weak,32,Weak,22,NDA,NDA,NDA,NDA,Average,47,Average,47,96.7,5.8,95.8,100,57.2,58.2,56.4,47.2,52.4,63.3,52.8,49.1,49.1,57.3,25.9,35.2,25.5,20.5,-1.9,-1.4,Red,Red,100,5.7,NDA,NDA,NDA,NDA,NDA,NDA,NDA,NDA,NDA,NDA,977,32,NDA,1165723.804,1937258.243
609724,Stephen T Mather High School,HS,5835 N Lincoln Ave ,(773) 534-2350,http://schoolreports.cps.edu/SchoolProgressReport_Eng/Spring2011Eng_609724.pdf,North-Northwest Side High School Network,No,Standard,Not on Probation,Level 2,No,Average,58,Average,44,Average,48,Average,47,Average,50,Average,56,NDA,NDA,NDA,NDA,87.6,7.6,96.5,97.9,NDA,NDA,NDA,NDA,NDA,NDA,NDA,NDA,NDA,NDA,NDA,NDA,,,,,NDA,NDA,NDA,NDA,14.5,14.4,15,15.4,0.9,15.9,0.9,24.6,56.2,57.4,1657,32,59,1155766.152,1938701.409
